1.9285,1.1362,1.4631,0.43237,1.1324,0.96314,0.76698,0.074675,0.26314,0.20544,-0.16763,-0.23302,-0.15609,-0.18686,-0.071479,-0.086864,-0.3984,-0.30225,-0.26379,-0.12917,-0.17148,-0.11379,0.13237,-0.052249,-0.071479,-0.071479,-0.17533,0.0092899,-0.16763,-0.10609,-0.11763,-0.098402,-0.10609,-0.20225,-0.18686,-0.22917,-0.16763,-0.1984,-0.29456,-0.04071,-0.18302,-0.25225,-0.20609,-0.1984,-0.18302,-0.18302,-0.16763,-0.10225,-0.11379,-0.22917,-0.1484,-0.15994,-0.14456,-0.067633,-0.044556,-0.044556,-0.11379,-0.075325,-0.29071,-0.17917,0.0054438,-0.33686,-0.31763,-0.079172,-0.12533,1
1.1362,1.8439,0.92083,0.39006,1.0901,0.42083,-0.025325,0.53237,0.47083,0.66314,0.040059,-0.025325,0.051598,0.020828,0.38621,0.37083,-0.44071,-0.34456,-0.30609,-0.17148,-0.21379,-0.15609,0.59006,0.40544,-0.11379,-0.11379,-0.21763,-0.033018,-0.20994,-0.1484,-0.15994,-0.14071,-0.1484,-0.24456,-0.22917,-0.27148,-0.20994,-0.24071,-0.33686,-0.083018,-0.22533,-0.29456,-0.2484,-0.24071,-0.22533,-0.22533,-0.20994,-0.14456,-0.15609,-0.27148,-0.19071,-0.20225,-0.18686,-0.10994,-0.086864,-0.086864,-0.15609,-0.11763,-0.33302,-0.22148,-0.036864,-0.37917,-0.10994,-0.12148,-0.16763,1
1.4631,0.92083,1.9978,0.46698,0.66698,0.49775,0.5516,0.35929,0.047751,-0.0099408,-0.13302,-0.1984,-0.12148,-0.15225,-0.28686,-0.30225,-0.36379,-0.26763,-0.22917,-0.094556,-0.13686,-0.079172,-0.33302,0.23237,-0.036864,-0.036864,-0.14071,0.043905,-0.13302,-0.071479,-0.083018,-0.063787,-0.071479,-0.16763,-0.15225,-0.19456,-0.13302,-0.16379,-0.25994,-0.0060947,-0.1484,-0.21763,-0.17148,-0.16379,-0.1484,-0.1484,-0.13302,-0.067633,-0.079172,-0.19456,-0.11379,-0.12533,-0.10994,-0.033018,-0.0099408,-0.0099408,-0.079172,-0.04071,-0.25609,-0.14456,0.040059,-0.30225,-0.033018,-0.044556,-0.09071,1
0.43237,0.39006,0.46698,1.9362,0.88621,0.71698,0.020828,-0.17148,-0.23302,-0.04071,-0.16379,-0.22917,-0.15225,-0.18302,-0.31763,-0.33302,0.60544,0.7016,-0.25994,0.87467,-0.16763,-0.10994,0.63621,0.2016,-0.067633,-0.067633,-0.17148,0.013136,-0.16379,-0.10225,-0.11379,-0.094556,-0.10225,-0.1984,-0.18302,-0.22533,-0.16379,-0.19456,-0.29071,-0.036864,-0.17917,-0.2484,-0.20225,-0.19456,-0.17917,-0.17917,-0.16379,-0.098402,-0.10994,-0.22533,-0.14456,-0.15609,-0.14071,-0.063787,-0.04071,-0.04071,-0.10994,-0.071479,-0.036864,0.074675,0.0092899,-0.33302,-0.31379,-0.075325,-0.12148,1
1.1324,1.0901,0.66698,0.88621,1.8362,0.91698,0.47083,-0.22148,0.71698,0.15929,-0.21379,-0.27917,-0.20225,-0.23302,-0.36763,-0.38302,0.55544,0.6516,-0.30994,0.82467,-0.21763,-0.15994,0.58621,-0.3484,-0.11763,-0.11763,-0.22148,-0.036864,-0.21379,-0.15225,-0.16379,-0.14456,-0.15225,-0.2484,-0.23302,-0.27533,-0.21379,-0.24456,-0.34071,-0.086864,-0.22917,-0.2984,-0.25225,-0.24456,-0.22917,-0.22917,-0.21379,-0.1484,-0.15994,-0.27533,-0.19456,-0.20609,-0.19071,-0.11379,-0.09071,-0.09071,-0.15994,-0.12148,-0.086864,0.024675,-0.04071,-0.38302,-0.36379,-0.12533,-0.17148,1
0.96314,0.42083,0.49775,0.71698,0.91698,1.9978,0.5516,-0.14071,0.79775,0.49006,-0.13302,-0.1984,-0.12148,-0.15225,-0.28686,-0.30225,-0.36379,-0.017633,-0.22917,-0.094556,-0.13686,-0.079172,-0.33302,-0.017633,-0.036864,-0.036864,-0.14071,0.043905,-0.13302,-0.071479,-0.083018,-0.063787,-0.071479,-0.16763,-0.15225,-0.19456,-0.13302,-0.16379,-0.25994,-0.0060947,-0.1484,-0.21763,-0.17148,-0.16379,-0.1484,-0.1484,-0.13302,-0.067633,-0.079172,-0.19456,-0.11379,-0.12533,-0.10994,-0.033018,-0.0099408,-0.0099408,-0.079172,-0.04071,-0.25609,-0.14456,0.040059,-0.30225,-0.28302,-0.044556,-0.09071,1
0.76698,-0.025325,0.5516,0.020828,0.47083,0.5516,2.1054,-0.086864,0.3516,0.043905,-0.079172,-0.14456,-0.067633,-0.098402,-0.23302,-0.2484,-0.30994,-0.21379,-0.17533,-0.04071,-0.083018,-0.025325,-0.27917,-0.21379,0.016982,0.016982,-0.086864,0.097751,-0.079172,-0.017633,-0.029172,-0.0099408,-0.017633,-0.11379,-0.098402,-0.14071,-0.079172,-0.10994,-0.20609,0.047751,-0.094556,-0.16379,-0.11763,-0.10994,-0.094556,-0.094556,-0.079172,-0.013787,-0.025325,-0.14071,-0.059941,-0.071479,-0.056095,0.020828,0.043905,0.043905,-0.025325,0.013136,-0.20225,-0.09071,0.093905,-0.2484,-0.22917,0.0092899,-0.036864,1
0.074675,0.53237,0.35929,-0.17148,-0.22148,-0.14071,-0.086864,1.7208,0.65929,-0.1484,0.22852,0.16314,0.24006,0.20929,-0.42533,-0.44071,0.24775,0.34391,-0.11763,-0.23302,-0.27533,-0.21763,-0.22148,-0.15609,-0.17533,-0.17533,-0.27917,-0.094556,-0.27148,-0.20994,-0.22148,-0.20225,-0.20994,-0.30609,0.70929,-0.083018,-0.021479,-0.052249,-0.3984,-0.14456,-0.28686,0.14391,-0.30994,0.19775,0.21314,0.21314,0.72852,-0.20609,-0.21763,-0.083018,-0.25225,-0.26379,-0.2484,0.078521,-0.1484,-0.1484,-0.21763,-0.17917,-0.14456,-0.033018,-0.098402,0.30929,0.32852,0.066982,0.77083,1
0.26314,0.47083,0.047751,-0.23302,0.71698,0.79775,0.3516,0.65929,1.5978,0.29006,-0.33302,0.1016,-0.071479,0.14775,0.51314,0.49775,-0.063787,0.53237,-0.17917,-0.29456,-0.33686,-0.27917,0.21698,0.28237,-0.23686,-0.23686,-0.34071,-0.15609,-0.33302,-0.27148,-0.28302,-0.26379,-0.27148,-0.36763,-0.35225,-0.39456,-0.33302,-0.11379,0.29006,-0.20609,-0.3484,-0.41763,-0.37148,-0.36379,-0.3484,-0.3484,-0.33302,-0.26763,-0.27917,-0.14456,-0.31379,-0.075325,-0.30994,0.016982,0.040059,0.29006,0.22083,0.25929,0.54391,0.65544,-0.15994,0.24775,0.016982,-0.24456,0.20929,1
0.20544,0.66314,-0.0099408,-0.04071,0.15929,0.49006,0.043905,-0.1484,0.29006,1.9824,0.10929,0.043905,0.12083,-0.15994,0.20544,0.19006,-0.37148,-0.27533,-0.23686,-0.10225,0.35544,-0.086864,0.15929,1.2247,-0.044556,-0.044556,-0.1484,0.036213,0.10929,-0.079172,-0.09071,-0.071479,-0.079172,-0.17533,-0.15994,-0.20225,-0.14071,-0.17148,-0.26763,-0.013787,-0.15609,-0.22533,-0.17917,-0.17148,-0.15609,-0.15609,-0.14071,-0.075325,-0.086864,-0.20225,-0.12148,-0.13302,-0.11763,-0.04071,-0.017633,-0.017633,-0.086864,-0.048402,-0.26379,-0.15225,0.032367,-0.30994,-0.29071,-0.052249,-0.098402,1
-0.16763,0.040059,-0.13302,-0.16379,-0.21379,-0.13302,-0.079172,0.22852,-0.33302,0.10929,1.7362,0.92083,0.49775,0.71698,0.58237,0.56698,1.0054,1.1016,0.39006,0.77467,0.23237,0.040059,-0.21379,-0.1484,0.082367,0.082367,-0.021479,-0.086864,0.23621,-0.20225,-0.21379,-0.19456,-0.20225,-0.2984,-0.28302,-0.32533,-0.26379,-0.044556,-0.14071,-0.13686,-0.27917,-0.3484,-0.30225,-0.29456,-0.27917,-0.27917,-0.26379,-0.1984,-0.20994,-0.32533,-0.24456,-0.25609,-0.24071,-0.16379,-0.14071,-0.14071,-0.20994,-0.17148,-0.38686,-0.27533,-0.09071,0.066982,0.086213,-0.17533,-0.22148,2
-0.23302,-0.025325,-0.1984,-0.22917,-0.27917,-0.1984,-0.14456,0.16314,0.1016,0.043905,0.92083,1.6054,0.43237,0.6516,0.51698,0.7516,0.94006,1.0362,0.57467,0.20929,0.41698,-0.025325,-0.27917,-0.21379,-0.23302,0.016982,-0.33686,-0.15225,0.17083,-0.26763,-0.27917,-0.25994,-0.26763,-0.36379,-0.098402,-0.39071,-0.32917,0.14006,0.043905,-0.20225,-0.34456,0.086213,-0.36763,0.14006,-0.34456,-0.34456,-0.32917,-0.26379,-0.27533,-0.39071,-0.30994,-0.071479,-0.30609,0.020828,-0.20609,-0.20609,-0.27533,-0.23686,0.047751,0.15929,-0.15609,0.0015976,0.27083,-0.24071,0.21314,2
-0.15609,0.051598,-0.12148,-0.15225,-0.20225,-0.12148,-0.067633,0.24006,-0.071479,0.12083,0.49775,0.43237,1.7593,0.47852,0.59391,0.078521,0.51698,1.1131,0.1516,0.28621,-0.0060947,0.3016,0.047751,0.11314,0.093905,0.093905,0.49006,-0.075325,0.24775,-0.19071,-0.20225,-0.18302,-0.19071,-0.28686,-0.021479,-0.31379,-0.25225,-0.033018,-0.37917,-0.12533,-0.26763,-0.33686,-0.29071,-0.28302,-0.26763,-0.26763,-0.25225,-0.18686,-0.1984,-0.31379,-0.23302,-0.24456,-0.22917,-0.15225,-0.12917,-0.12917,-0.1984,-0.15994,0.12467,0.23621,-0.079172,-0.42148,-0.40225,-0.16379,0.29006,2
-0.18686,0.020828,-0.15225,-0.18302,-0.23302,-0.15225,-0.098402,0.20929,0.14775,-0.15994,0.71698,0.6516,0.47852,1.6978,0.56314,0.54775,0.98621,1.0824,0.62083,0.25544,0.46314,0.27083,-0.23302,-0.16763,0.063136,-0.18686,0.20929,-0.10609,0.21698,-0.22148,-0.23302,-0.21379,-0.22148,-0.31763,-0.052249,-0.34456,-0.28302,-0.063787,0.090059,-0.15609,-0.2984,-0.36763,-0.32148,-0.31379,-0.2984,-0.2984,-0.28302,-0.21763,-0.22917,-0.34456,-0.26379,-0.025325,-0.25994,0.066982,-0.15994,-0.15994,-0.22917,-0.19071,-0.40609,-0.29456,-0.10994,0.047751,-0.43302,-0.19456,0.25929,2
-0.071479,0.38621,-0.28686,-0.31763,-0.36763,-0.28686,-0.23302,-0.42533,0.51314,0.20544,0.58237,0.51698,0.59391,0.56314,1.4285,-0.58686,0.3516,0.44775,0.48621,-0.37917,0.82852,0.13621,0.88237,-0.052249,-0.32148,0.17852,-0.17533,-0.24071,0.58237,-0.35609,-0.36763,-0.3484,-0.10609,0.047751,0.31314,-0.47917,-0.41763,-0.4484,0.45544,-0.04071,0.066982,0.24775,0.043905,0.051598,0.066982,0.066982,0.082367,-0.35225,-0.36379,-0.47917,-0.1484,0.090059,-0.39456,-0.067633,-0.29456,0.20544,-0.36379,-0.32533,-0.04071,-0.17917,-0.24456,-0.33686,-0.067633,-0.32917,-0.12533,2
-0.086864,0.37083,-0.30225,-0.33302,-0.38302,-0.30225,-0.2484,-0.44071,0.49775,0.19006,0.56698,0.7516,0.078521,0.54775,-0.58686,1.3978,0.33621,0.43237,0.47083,-0.39456,0.063136,0.12083,0.11698,0.93237,-0.33686,-0.086864,-0.19071,-0.25609,0.56698,-0.37148,-0.38302,-0.36379,-0.12148,0.032367,0.54775,-0.24456,-0.18302,-0.21379,0.44006,0.19391,-0.1984,-0.017633,-0.22148,-0.21379,-0.1984,-0.1984,-0.18302,-0.36763,-0.37917,-0.49456,-0.16379,0.32467,-0.40994,0.41698,-0.30994,0.19006,-0.37917,-0.34071,-0.056095,-0.19456,-0.25994,-0.10225,0.41698,-0.34456,0.85929,2
-0.3984,-0.44071,-0.36379,0.60544,0.55544,-0.36379,-0.30994,0.24775,-0.063787,-0.37148,1.0054,0.94006,0.51698,0.98621,0.3516,0.33621,1.2747,0.12083,0.40929,0.54391,0.0015976,0.05929,0.30544,-0.12917,0.3516,-0.1484,0.24775,-0.31763,-0.24456,-0.43302,-0.44456,-0.42533,-0.43302,-0.52917,-0.26379,-0.056095,0.0054438,0.22467,0.62852,-0.36763,-0.0099408,-0.079172,0.21698,-0.025325,-0.0099408,0.24006,0.0054438,-0.42917,-0.44071,-0.55609,-0.22533,-0.23686,-0.22148,-0.14456,-0.12148,-0.12148,-0.44071,-0.40225,-0.11763,0.24391,-0.32148,-0.41379,0.10544,0.093905,-0.20225,2
-0.30225,-0.34456,-0.26763,0.7016,0.6516,-0.017633,-0.21379,0.34391,0.53237,-0.27533,1.1016,1.0362,1.1131,1.0824,0.44775,0.43237,0.12083,1.467,0.50544,0.14006,0.34775,0.15544,-0.3484,-0.28302,0.19775,-0.30225,-0.15609,-0.22148,-0.3984,-0.33686,-0.3484,-0.32917,-0.33686,-0.43302,-0.41763,-0.45994,-0.3984,-0.42917,0.97467,0.72852,-0.41379,-0.48302,-0.43686,-0.42917,-0.41379,-0.41379,-0.3984,-0.33302,-0.34456,-0.45994,-0.37917,-0.39071,-0.37533,-0.2984,-0.27533,-0.27533,-0.34456,-0.30609,0.22852,0.34006,-0.22533,0.93237,0.2016,0.19006,-0.35609,2
-0.26379,-0.30609,-0.22917,-0.25994,-0.30994,-0.22917,-0.17533,-0.11763,-0.17917,-0.23686,0.39006,0.57467,0.1516,0.62083,0.48621,0.47083,0.40929,0.50544,1.5439,0.67852,0.63621,0.69391,-0.059941,0.0054438,0.23621,0.23621,0.13237,-0.18302,-0.10994,-0.2984,-0.30994,-0.29071,-0.2984,-0.39456,-0.12917,0.078521,0.14006,0.10929,0.013136,-0.23302,0.12467,0.055444,0.3516,0.10929,0.12467,0.37467,0.14006,-0.29456,-0.30609,-0.42148,-0.34071,-0.35225,-0.086864,-0.25994,-0.23686,-0.23686,-0.30609,-0.26763,-0.48302,-0.12148,-0.18686,-0.27917,-0.50994,-0.021479,-0.067633,2
-0.12917,-0.17148,-0.094556,0.87467,0.82467,-0.094556,-0.04071,-0.23302,-0.29456,-0.10225,0.77467,0.20929,0.28621,0.25544,-0.37917,-0.39456,0.54391,0.14006,0.67852,1.8131,0.020828,-0.17148,0.32467,0.14006,-0.12917,0.37083,0.51698,-0.048402,-0.22533,-0.16379,-0.17533,-0.15609,-0.16379,-0.25994,-0.24456,-0.28686,-0.22533,-0.25609,-0.35225,-0.098402,-0.24071,-0.30994,-0.26379,-0.25609,-0.24071,-0.24071,-0.22533,-0.15994,-0.17148,-0.28686,-0.20609,-0.21763,-0.20225,-0.12533,-0.10225,-0.10225,-0.17148,-0.13302,0.6516,0.76314,-0.052249,0.10544,-0.37533,-0.13686,-0.18302,2
-0.17148,-0.21379,-0.13686,-0.16763,-0.21763,-0.13686,-0.083018,-0.27533,-0.33686,0.35544,0.23237,0.41698,-0.0060947,0.46314,0.82852,0.063136,0.0015976,0.34775,0.63621,0.020828,1.7285,0.78621,0.53237,0.34775,0.32852,0.82852,0.72467,-0.09071,0.98237,-0.20609,-0.21763,-0.1984,-0.20609,-0.30225,-0.28686,-0.32917,-0.26763,0.2016,0.60544,-0.14071,-0.28302,-0.35225,-0.30609,-0.2984,-0.28302,-0.28302,-0.26763,-0.20225,-0.21379,-0.32917,-0.2484,-0.25994,-0.24456,-0.16763,-0.14456,-0.14456,-0.21379,-0.17533,-0.39071,-0.27917,-0.094556,-0.43686,-0.41763,-0.17917,-0.22533,2
-0.11379,-0.15609,-0.079172,-0.10994,-0.15994,-0.079172,-0.025325,-0.21763,-0.27917,-0.086864,0.040059,-0.025325,0.3016,0.27083,0.13621,0.12083,0.05929,0.15544,0.69391,-0.17148,0.78621,1.8439,0.59006,0.40544,0.13621,1.1362,0.78237,-0.033018,0.79006,-0.1484,-0.15994,-0.14071,-0.1484,-0.24456,-0.22917,-0.27148,-0.20994,-0.24071,0.16314,-0.083018,-0.22533,-0.29456,-0.2484,-0.24071,-0.22533,-0.22533,-0.20994,-0.14456,-0.15609,-0.27148,-0.19071,-0.20225,-0.18686,-0.10994,-0.086864,-0.086864,-0.15609,-0.11763,-0.33302,-0.22148,-0.036864,-0.37917,-0.35994,-0.12148,-0.16763,2
0.13237,0.59006,-0.33302,0.63621,0.58621,-0.33302,-0.27917,-0.22148,0.21698,0.15929,-0.21379,-0.27917,0.047751,-0.23302,0.88237,0.11698,0.30544,-0.3484,-0.059941,0.32467,0.53237,0.59006,1.3362,0.9016,0.63237,0.13237,1.0285,0.46314,0.53621,-0.15225,-0.16379,-0.14456,-0.15225,0.0015976,0.26698,-0.52533,-0.21379,-0.49456,0.15929,-0.33686,-0.47917,-0.5484,-0.25225,-0.49456,-0.47917,-0.47917,-0.46379,-0.3984,-0.40994,-0.52533,0.055444,0.043905,-0.19071,-0.11379,-0.34071,-0.34071,0.090059,0.12852,0.16314,0.27467,-0.29071,-0.13302,-0.36379,-0.37533,-0.17148,2
-0.052249,0.40544,0.23237,0.2016,-0.3484,-0.017633,-0.21379,-0.15609,0.28237,1.2247,-0.1484,-0.21379,0.11314,-0.16763,-0.052249,0.93237,-0.12917,-0.28302,0.0054438,0.14006,0.34775,0.40544,0.9016,1.467,0.69775,-0.30225,0.59391,-0.22148,0.6016,-0.086864,-0.098402,-0.079172,-0.086864,0.066982,0.33237,-0.45994,-0.1484,-0.42917,-0.025325,-0.27148,-0.41379,-0.48302,-0.18686,-0.42917,-0.41379,-0.41379,-0.3984,-0.33302,-0.34456,-0.45994,-0.12917,-0.14071,-0.12533,-0.048402,-0.27533,-0.27533,-0.094556,-0.056095,-0.021479,0.090059,-0.22533,-0.56763,0.2016,-0.059941,0.64391,2
-0.071479,-0.11379,-0.036864,-0.067633,-0.11763,-0.036864,0.016982,-0.17533,-0.23686,-0.044556,0.082367,-0.23302,0.093905,0.063136,-0.32148,-0.33686,0.3516,0.19775,0.23621,-0.12917,0.32852,0.13621,0.63237,0.69775,1.9285,0.42852,1.0747,0.0092899,0.83237,-0.10609,-0.11763,-0.098402,-0.10609,-0.20225,-0.18686,-0.22917,-0.16763,-0.1984,-0.29456,-0.04071,-0.18302,-0.25225,-0.20609,-0.1984,-0.18302,-0.18302,-0.16763,-0.10225,-0.11379,-0.22917,-0.1484,-0.15994,-0.14456,-0.067633,-0.044556,-0.044556,-0.11379,-0.075325,-0.04071,0.070828,0.0054438,-0.33686,-0.31763,-0.079172,-0.12533,2
-0.071479,-0.11379,-0.036864,-0.067633,-0.11763,-0.036864,0.016982,-0.17533,-0.23686,-0.044556,0.082367,0.016982,0.093905,-0.18686,0.17852,-0.086864,-0.1484,-0.30225,0.23621,0.37083,0.82852,1.1362,0.13237,-0.30225,0.42852,1.9285,0.82467,0.50929,0.33237,-0.10609,-0.11763,-0.098402,-0.10609,-0.20225,-0.18686,-0.22917,-0.16763,-0.1984,-0.29456,-0.04071,-0.18302,-0.25225,-0.20609,-0.1984,-0.18302,-0.18302,-0.16763,-0.10225,-0.11379,-0.22917,-0.1484,-0.15994,-0.14456,-0.067633,-0.044556,-0.044556,-0.11379,-0.075325,-0.04071,0.070828,0.0054438,-0.33686,-0.31763,-0.079172,-0.12533,2
-0.17533,-0.21763,-0.14071,-0.17148,-0.22148,-0.14071,-0.086864,-0.27917,-0.34071,-0.1484,-0.021479,-0.33686,0.49006,0.20929,-0.17533,-0.19071,0.24775,-0.15609,0.13237,0.51698,0.72467,0.78237,1.0285,0.59391,1.0747,0.82467,1.7208,1.4054,0.72852,-0.20994,-0.22148,-0.20225,-0.20994,-0.30609,-0.29071,-0.33302,-0.021479,-0.30225,0.1016,-0.14456,-0.28686,-0.35609,-0.30994,-0.30225,-0.28686,-0.28686,-0.27148,-0.20609,-0.21763,-0.33302,-0.25225,-0.26379,-0.2484,-0.17148,-0.1484,-0.1484,-0.21763,-0.17917,0.10544,0.21698,-0.098402,-0.44071,-0.42148,-0.18302,-0.22917,2
0.0092899,-0.033018,0.043905,0.013136,-0.036864,0.043905,0.097751,-0.094556,-0.15609,0.036213,-0.086864,-0.15225,-0.075325,-0.10609,-0.24071,-0.25609,-0.31763,-0.22148,-0.18302,-0.048402,-0.09071,-0.033018,0.46314,-0.22148,0.0092899,0.50929,1.4054,2.0901,0.41314,-0.025325,-0.036864,-0.017633,-0.025325,-0.12148,-0.10609,-0.1484,-0.086864,-0.11763,-0.21379,0.040059,-0.10225,-0.17148,-0.12533,-0.11763,-0.10225,-0.10225,-0.086864,-0.021479,-0.033018,-0.1484,-0.067633,-0.079172,-0.063787,0.013136,0.036213,0.036213,-0.033018,0.0054438,-0.20994,-0.098402,0.086213,-0.25609,-0.23686,0.0015976,-0.044556,2
-0.16763,-0.20994,-0.13302,-0.16379,-0.21379,-0.13302,-0.079172,-0.27148,-0.33302,0.10929,0.23621,0.17083,0.24775,0.21698,0.58237,0.56698,-0.24456,-0.3984,-0.10994,-0.22533,0.98237,0.79006,0.53621,0.6016,0.83237,0.33237,0.72852,0.41314,1.7362,-0.20225,-0.21379,-0.19456,-0.20225,-0.048402,-0.033018,-0.075325,-0.013787,0.20544,0.10929,-0.13686,-0.27917,-0.3484,-0.30225,-0.29456,-0.27917,-0.27917,-0.26379,-0.1984,-0.20994,-0.32533,-0.24456,-0.25609,-0.24071,-0.16379,-0.14071,-0.14071,-0.20994,-0.17148,-0.13686,-0.025325,-0.09071,-0.43302,-0.16379,-0.17533,-0.22148,2
-0.10609,-0.1484,-0.071479,-0.10225,-0.15225,-0.071479,-0.017633,-0.20994,-0.27148,-0.079172,-0.20225,-0.26763,-0.19071,-0.22148,-0.35609,-0.37148,-0.43302,-0.33686,-0.2984,-0.16379,-0.20609,-0.1484,-0.15225,-0.086864,-0.10609,-0.10609,-0.20994,-0.025325,-0.20225,1.8593,0.84775,0.86698,0.85929,1.2631,-0.22148,0.98621,0.79775,0.26698,-0.32917,0.17467,0.53237,0.46314,-0.24071,-0.23302,-0.21763,0.032367,0.29775,-0.13686,-0.1484,-0.26379,-0.18302,-0.19456,-0.17917,-0.10225,-0.079172,-0.079172,-0.1484,-0.10994,-0.32533,-0.21379,-0.029172,-0.37148,0.14775,-0.11379,-0.15994,3
-0.11763,-0.15994,-0.083018,-0.11379,-0.16379,-0.083018,-0.029172,-0.22148,-0.28302,-0.09071,-0.21379,-0.27917,-0.20225,-0.23302,-0.36763,-0.38302,-0.44456,-0.3484,-0.30994,-0.17533,-0.21763,-0.15994,-0.16379,-0.098402,-0.11763,-0.11763,-0.22148,-0.036864,-0.21379,0.84775,1.8362,0.85544,0.84775,1.2516,0.016982,0.72467,0.78621,0.25544,-0.34071,0.16314,0.27083,0.4516,-0.0022485,0.0054438,0.020828,0.27083,0.28621,-0.1484,-0.15994,-0.27533,-0.19456,-0.20609,-0.19071,-0.11379,-0.09071,-0.09071,-0.15994,-0.12148,-0.33686,-0.22533,-0.04071,-0.38302,0.13621,-0.12533,-0.17148,3
-0.098402,-0.14071,-0.063787,-0.094556,-0.14456,-0.063787,-0.0099408,-0.20225,-0.26379,-0.071479,-0.19456,-0.25994,-0.18302,-0.21379,-0.3484,-0.36379,-0.42533,-0.32917,-0.29071,-0.15609,-0.1984,-0.14071,-0.14456,-0.079172,-0.098402,-0.098402,-0.20225,-0.017633,-0.19456,0.86698,0.85544,1.8747,0.86698,1.2708,-0.21379,0.74391,0.55544,0.27467,-0.071479,-0.067633,0.54006,-0.029172,0.26698,-0.22533,0.29006,0.040059,0.30544,-0.12917,-0.14071,-0.25609,-0.17533,-0.18686,-0.17148,-0.094556,-0.071479,-0.071479,-0.14071,-0.10225,-0.31763,-0.20609,-0.021479,-0.36379,-0.34456,-0.10609,-0.15225,3
-0.10609,-0.1484,-0.071479,-0.10225,-0.15225,-0.071479,-0.017633,-0.20994,-0.27148,-0.079172,-0.20225,-0.26763,-0.19071,-0.22148,-0.10609,-0.12148,-0.43302,-0.33686,-0.2984,-0.16379,-0.20609,-0.1484,-0.15225,-0.086864,-0.10609,-0.10609,-0.20994,-0.025325,-0.20225,0.85929,0.84775,0.86698,1.8593,1.2631,-0.22148,0.73621,0.54775,0.26698,-0.079172,-0.075325,0.28237,0.21314,-0.24071,0.26698,0.28237,0.28237,0.047751,-0.13686,-0.1484,-0.26379,-0.18302,-0.19456,-0.17917,-0.10225,-0.079172,-0.079172,-0.1484,-0.10994,-0.32533,-0.21379,-0.029172,-0.37148,-0.35225,-0.11379,-0.15994,3
-0.20225,-0.24456,-0.16763,-0.1984,-0.2484,-0.16763,-0.11379,-0.30609,-0.36763,-0.17533,-0.2984,-0.36379,-0.28686,-0.31763,0.047751,0.032367,-0.52917,-0.43302,-0.39456,-0.25994,-0.30225,-0.24456,0.0015976,0.066982,-0.20225,-0.20225,-0.30609,-0.12148,-0.048402,1.2631,1.2516,1.2708,1.2631,1.667,-0.067633,0.89006,0.9516,0.17083,-0.17533,0.57852,0.43621,0.11698,0.66314,-0.32917,0.18621,-0.31379,0.9516,-0.23302,-0.24456,-0.35994,-0.27917,-0.29071,-0.27533,-0.1984,-0.17533,-0.17533,-0.24456,-0.20609,-0.42148,-0.30994,-0.12533,-0.46763,0.051598,-0.20994,-0.25609,3
-0.18686,-0.22917,-0.15225,-0.18302,-0.23302,-0.15225,-0.098402,0.70929,-0.35225,-0.15994,-0.28302,-0.098402,-0.021479,-0.052249,0.31314,0.54775,-0.26379,-0.41763,-0.12917,-0.24456,-0.28686,-0.22917,0.26698,0.33237,-0.18686,-0.18686,-0.29071,-0.10609,-0.033018,-0.22148,0.016982,-0.21379,-0.22148,-0.067633,1.6978,-0.094556,-0.033018,0.68621,0.59006,0.84391,0.7016,0.63237,0.67852,-0.31379,0.4516,0.2016,0.71698,-0.21763,-0.22917,-0.34456,-0.26379,-0.27533,-0.25994,-0.18302,-0.15994,-0.15994,-0.22917,-0.19071,-0.40609,-0.29456,-0.10994,-0.45225,0.56698,-0.19456,-0.24071,3
-0.22917,-0.27148,-0.19456,-0.22533,-0.27533,-0.19456,-0.14071,-0.083018,-0.39456,-0.20225,-0.32533,-0.39071,-0.31379,-0.34456,-0.47917,-0.24456,-0.056095,-0.45994,0.078521,-0.28686,-0.32917,-0.27148,-0.52533,-0.45994,-0.22917,-0.22917,-0.33302,-0.1484,-0.075325,0.98621,0.72467,0.74391,0.73621,0.89006,-0.094556,1.6131,0.67467,0.14391,0.29775,-0.1984,0.90929,0.84006,0.88621,0.64391,0.65929,0.65929,0.67467,-0.25994,-0.27148,-0.38686,-0.30609,-0.31763,-0.052249,-0.22533,-0.20225,-0.20225,-0.27148,-0.23302,-0.4484,-0.33686,-0.15225,-0.24456,0.27467,-0.23686,-0.28302,3
-0.16763,-0.20994,-0.13302,-0.16379,-0.21379,-0.13302,-0.079172,-0.021479,-0.33302,-0.14071,-0.26379,-0.32917,-0.25225,-0.28302,-0.41763,-0.18302,0.0054438,-0.3984,0.14006,-0.22533,-0.26763,-0.20994,-0.21379,-0.1484,-0.16763,-0.16763,-0.021479,-0.086864,-0.013787,0.79775,0.78621,0.55544,0.54775,0.9516,-0.033018,0.67467,1.7362,0.20544,-0.39071,-0.13686,0.72083,0.1516,0.69775,0.20544,0.72083,0.22083,0.23621,-0.1984,-0.20994,-0.32533,-0.24456,-0.25609,0.0092899,-0.16379,-0.14071,-0.14071,-0.20994,-0.17148,-0.38686,-0.27533,-0.09071,-0.43302,0.086213,-0.17533,-0.22148,3
-0.1984,-0.24071,-0.16379,-0.19456,-0.24456,-0.16379,-0.10994,-0.052249,-0.11379,-0.17148,-0.044556,0.14006,-0.033018,-0.063787,-0.4484,-0.21379,0.22467,-0.42917,0.10929,-0.25609,0.2016,-0.24071,-0.49456,-0.42917,-0.1984,-0.1984,-0.30225,-0.11763,0.20544,0.26698,0.25544,0.27467,0.26698,0.17083,0.68621,0.14391,0.20544,1.6747,1.0785,-0.16763,-0.30994,0.62083,0.16698,0.67467,0.19006,0.19006,0.20544,-0.22917,-0.24071,-0.10609,-0.025325,-0.036864,-0.27148,-0.19456,-0.17148,-0.17148,-0.24071,-0.20225,-0.16763,-0.056095,-0.12148,0.53621,-0.19456,-0.20609,-0.25225,3
-0.29456,-0.33686,-0.25994,-0.29071,-0.34071,-0.25994,-0.20609,-0.3984,0.29006,-0.26763,-0.14071,0.043905,-0.37917,0.090059,0.45544,0.44006,0.62852,0.97467,0.013136,-0.35225,0.60544,0.16314,0.15929,-0.025325,-0.29456,-0.29456,0.1016,-0.21379,0.10929,-0.32917,-0.34071,-0.071479,-0.079172,-0.17533,0.59006,0.29775,-0.39071,1.0785,1.4824,0.23621,0.093905,0.024675,0.070828,0.57852,0.093905,0.59391,-0.39071,-0.32533,-0.33686,-0.45225,-0.37148,-0.13302,-0.11763,-0.04071,-0.26763,-0.26763,-0.33686,-0.2984,-0.26379,-0.15225,-0.21763,0.94006,0.20929,-0.30225,-0.3484,3
-0.04071,-0.083018,-0.0060947,-0.036864,-0.086864,-0.0060947,0.047751,-0.14456,-0.20609,-0.013787,-0.13686,-0.20225,-0.12533,-0.15609,-0.04071,0.19391,-0.36763,0.72852,-0.23302,-0.098402,-0.14071,-0.083018,-0.33686,-0.27148,-0.04071,-0.04071,-0.14456,0.040059,-0.13686,0.17467,0.16314,-0.067633,-0.075325,0.57852,0.84391,-0.1984,-0.13686,-0.16763,0.23621,1.9901,-0.15225,-0.22148,-0.17533,-0.16763,-0.15225,-0.15225,-0.13686,-0.071479,-0.083018,-0.1984,-0.11763,-0.12917,-0.11379,-0.036864,-0.013787,-0.013787,-0.083018,-0.044556,-0.0099408,0.1016,0.036213,0.19391,0.71314,-0.048402,-0.094556,3
-0.18302,-0.22533,-0.1484,-0.17917,-0.22917,-0.1484,-0.094556,-0.28686,-0.3484,-0.15609,-0.27917,-0.34456,-0.26763,-0.2984,0.066982,-0.1984,-0.0099408,-0.41379,0.12467,-0.24071,-0.28302,-0.22533,-0.47917,-0.41379,-0.18302,-0.18302,-0.28686,-0.10225,-0.27917,0.53237,0.27083,0.54006,0.28237,0.43621,0.7016,0.90929,0.72083,-0.30994,0.093905,-0.15225,1.7054,0.38621,1.1824,-0.30994,0.70544,0.95544,0.72083,-0.21379,-0.22533,-0.34071,-0.25994,-0.27148,-0.0060947,-0.17917,-0.15609,-0.15609,-0.22533,-0.18686,-0.40225,-0.29071,-0.10609,0.051598,0.32083,-0.19071,-0.23686,3
-0.25225,-0.29456,-0.21763,-0.2484,-0.2984,-0.21763,-0.16379,0.14391,-0.41763,-0.22533,-0.3484,0.086213,-0.33686,-0.36763,0.24775,-0.017633,-0.079172,-0.48302,0.055444,-0.30994,-0.35225,-0.29456,-0.5484,-0.48302,-0.25225,-0.25225,-0.35609,-0.17148,-0.3484,0.46314,0.4516,-0.029172,0.21314,0.11698,0.63237,0.84006,0.1516,0.62083,0.024675,-0.22148,0.38621,1.567,0.36314,0.87083,0.63621,0.88621,0.1516,-0.28302,-0.29456,0.090059,-0.32917,-0.34071,0.17467,-0.2484,-0.22533,-0.22533,-0.044556,-0.0060947,0.028521,0.14006,-0.17533,0.48237,0.2516,-0.0099408,-0.30609,3
-0.20609,-0.2484,-0.17148,-0.20225,-0.25225,-0.17148,-0.11763,-0.30994,-0.37148,-0.17917,-0.30225,-0.36763,-0.29071,-0.32148,0.043905,-0.22148,0.21698,-0.43686,0.3516,-0.26379,-0.30609,-0.2484,-0.25225,-0.18686,-0.20609,-0.20609,-0.30994,-0.12533,-0.30225,-0.24071,-0.0022485,0.26698,-0.24071,0.66314,0.67852,0.88621,0.69775,0.16698,0.070828,-0.17533,1.1824,0.36314,1.6593,0.66698,0.68237,0.43237,0.69775,-0.23686,-0.2484,0.13621,-0.28302,-0.29456,-0.029172,-0.20225,-0.17917,-0.17917,-0.2484,-0.20994,-0.42533,-0.31379,-0.12917,0.52852,0.29775,-0.21379,-0.25994,3
-0.1984,-0.24071,-0.16379,-0.19456,-0.24456,-0.16379,-0.10994,0.19775,-0.36379,-0.17148,-0.29456,0.14006,-0.28302,-0.31379,0.051598,-0.21379,-0.025325,-0.42917,0.10929,-0.25609,-0.2984,-0.24071,-0.49456,-0.42917,-0.1984,-0.1984,-0.30225,-0.11763,-0.29456,-0.23302,0.0054438,-0.22533,0.26698,-0.32917,-0.31379,0.64391,0.20544,0.67467,0.57852,-0.16763,-0.30994,0.87083,0.66698,1.6747,0.19006,0.69006,0.20544,-0.22917,0.0092899,0.39391,0.22467,-0.036864,0.22852,0.30544,-0.17148,-0.17148,0.25929,0.29775,-0.41763,-0.30609,-0.12148,0.78621,-0.44456,0.29391,-0.25225,3
-0.18302,-0.22533,-0.1484,-0.17917,-0.22917,-0.1484,-0.094556,0.21314,-0.3484,-0.15609,-0.27917,-0.34456,-0.26763,-0.2984,0.066982,-0.1984,-0.0099408,-0.41379,0.12467,-0.24071,-0.28302,-0.22533,-0.47917,-0.41379,-0.18302,-0.18302,-0.28686,-0.10225,-0.27917,-0.21763,0.020828,0.29006,0.28237,0.18621,0.4516,0.65929,0.72083,0.19006,0.093905,-0.15225,0.70544,0.63621,0.68237,0.19006,1.7054,0.45544,0.47083,-0.21379,-0.22533,-0.34071,-0.25994,-0.27148,-0.0060947,0.32083,-0.15609,-0.15609,-0.22533,-0.18686,-0.40225,-0.29071,-0.10609,0.8016,0.32083,0.05929,-0.23686,3
-0.18302,-0.22533,-0.1484,-0.17917,-0.22917,-0.1484,-0.094556,0.21314,-0.3484,-0.15609,-0.27917,-0.34456,-0.26763,-0.2984,0.066982,-0.1984,0.24006,-0.41379,0.37467,-0.24071,-0.28302,-0.22533,-0.47917,-0.41379,-0.18302,-0.18302,-0.28686,-0.10225,-0.27917,0.032367,0.27083,0.040059,0.28237,-0.31379,0.2016,0.65929,0.22083,0.19006,0.59391,-0.15225,0.95544,0.88621,0.43237,0.69006,0.45544,1.7054,0.47083,-0.21379,-0.22533,-0.34071,-0.25994,-0.27148,-0.25609,-0.17917,-0.15609,-0.15609,-0.22533,-0.18686,-0.40225,-0.29071,-0.10609,0.5516,0.32083,0.30929,-0.23686,3
-0.16763,-0.20994,-0.13302,-0.16379,-0.21379,-0.13302,-0.079172,0.72852,-0.33302,-0.14071,-0.26379,-0.32917,-0.25225,-0.28302,0.082367,-0.18302,0.0054438,-0.3984,0.14006,-0.22533,-0.26763,-0.20994,-0.46379,-0.3984,-0.16763,-0.16763,-0.27148,-0.086864,-0.26379,0.29775,0.28621,0.30544,0.047751,0.9516,0.71698,0.67467,0.23621,0.20544,-0.39071,-0.13686,0.72083,0.1516,0.69775,0.20544,0.47083,0.47083,1.7362,-0.1984,-0.20994,-0.32533,-0.24456,-0.25609,0.0092899,-0.16379,-0.14071,-0.14071,-0.20994,-0.17148,-0.38686,-0.27533,-0.09071,0.31698,0.086213,-0.17533,-0.22148,3
-0.10225,-0.14456,-0.067633,-0.098402,-0.1484,-0.067633,-0.013787,-0.20609,-0.26763,-0.075325,-0.1984,-0.26379,-0.18686,-0.21763,-0.35225,-0.36763,-0.42917,-0.33302,-0.29456,-0.15994,-0.20225,-0.14456,-0.3984,-0.33302,-0.10225,-0.10225,-0.20609,-0.021479,-0.1984,-0.13686,-0.1484,-0.12917,-0.13686,-0.23302,-0.21763,-0.25994,-0.1984,-0.22917,-0.32533,-0.071479,-0.21379,-0.28302,-0.23686,-0.22917,-0.21379,-0.21379,-0.1984,1.867,1.3554,1.2401,1.3208,0.30929,1.0747,-0.098402,0.42467,-0.075325,1.1054,0.89391,1.1785,-0.20994,-0.025325,-0.36763,-0.3484,-0.10994,-0.15609,4
-0.11379,-0.15609,-0.079172,-0.10994,-0.15994,-0.079172,-0.025325,-0.21763,-0.27917,-0.086864,-0.20994,-0.27533,-0.1984,-0.22917,-0.36379,-0.37917,-0.44071,-0.34456,-0.30609,-0.17148,-0.21379,-0.15609,-0.40994,-0.34456,-0.11379,-0.11379,-0.21763,-0.033018,-0.20994,-0.1484,-0.15994,-0.14071,-0.1484,-0.24456,-0.22917,-0.27148,-0.20994,-0.24071,-0.33686,-0.083018,-0.22533,-0.29456,-0.2484,0.0092899,-0.22533,-0.22533,-0.20994,1.3554,1.8439,1.2285,1.0593,0.54775,1.3131,0.14006,0.41314,-0.086864,1.0939,0.88237,0.66698,-0.22148,-0.036864,0.12083,-0.35994,-0.12148,-0.16763,4
-0.22917,-0.27148,-0.19456,-0.22533,-0.27533,-0.19456,-0.14071,-0.083018,-0.14456,-0.20225,-0.32533,-0.39071,-0.31379,-0.34456,-0.47917,-0.49456,-0.55609,-0.45994,-0.42148,-0.28686,-0.32917,-0.27148,-0.52533,-0.45994,-0.22917,-0.22917,-0.33302,-0.1484,-0.32533,-0.26379,-0.27533,-0.25609,-0.26379,-0.35994,-0.34456,-0.38686,-0.32533,-0.10609,-0.45225,-0.1984,-0.34071,0.090059,0.13621,0.39391,-0.34071,-0.34071,-0.32533,1.2401,1.2285,1.6131,1.1939,0.43237,0.69775,0.27467,0.54775,0.29775,1.2285,0.26698,1.0516,0.16314,1.3478,0.50544,-0.47533,1.2631,-0.033018,4
-0.1484,-0.19071,-0.11379,-0.14456,-0.19456,-0.11379,-0.059941,-0.25225,-0.31379,-0.12148,-0.24456,-0.30994,-0.23302,-0.26379,-0.1484,-0.16379,-0.22533,-0.37917,-0.34071,-0.20609,-0.2484,-0.19071,0.055444,-0.12917,-0.1484,-0.1484,-0.25225,-0.067633,-0.24456,-0.18302,-0.19456,-0.17533,-0.18302,-0.27917,-0.26379,-0.30609,-0.24456,-0.025325,-0.37148,-0.11763,-0.25994,-0.32917,-0.28302,0.22467,-0.25994,-0.25994,-0.24456,1.3208,1.0593,1.1939,1.7747,0.51314,1.0285,-0.14456,1.3785,-0.12148,0.30929,0.34775,1.1324,-0.25609,-0.071479,-0.41379,0.10544,0.093905,0.047751,4
-0.15994,-0.20225,-0.12533,-0.15609,-0.20609,-0.12533,-0.071479,-0.26379,-0.075325,-0.13302,-0.25609,-0.071479,-0.24456,-0.025325,0.090059,0.32467,-0.23686,-0.39071,-0.35225,-0.21763,-0.25994,-0.20225,0.043905,-0.14071,-0.15994,-0.15994,-0.26379,-0.079172,-0.25609,-0.19456,-0.20609,-0.18686,-0.19456,-0.29071,-0.27533,-0.31763,-0.25609,-0.036864,-0.13302,-0.12917,-0.27148,-0.34071,-0.29456,-0.036864,-0.27148,-0.27148,-0.25609,0.30929,0.54775,0.43237,0.51314,1.7516,0.016982,0.84391,0.11698,1.367,0.047751,-0.16379,0.37083,-0.26763,-0.083018,0.074675,1.0939,0.082367,1.2862,4
-0.14456,-0.18686,-0.10994,-0.14071,-0.19071,-0.10994,-0.056095,-0.2484,-0.30994,-0.11763,-0.24071,-0.30609,-0.22917,-0.25994,-0.39456,-0.40994,-0.22148,-0.37533,-0.086864,-0.20225,-0.24456,-0.18686,-0.19071,-0.12533,-0.14456,-0.14456,-0.2484,-0.063787,-0.24071,-0.17917,-0.19071,-0.17148,-0.17917,-0.27533,-0.25994,-0.052249,0.0092899,-0.27148,-0.11763,-0.11379,-0.0060947,0.17467,-0.029172,0.22852,-0.0060947,-0.25609,0.0092899,1.0747,1.3131,0.69775,1.0285,0.016982,1.7824,0.35929,-0.11763,-0.11763,0.81314,-0.1484,-0.36379,0.24775,0.43237,0.090059,0.10929,0.34775,0.051598,4
-0.067633,-0.10994,-0.033018,-0.063787,-0.11379,-0.033018,0.020828,0.078521,0.016982,-0.04071,-0.16379,0.020828,-0.15225,0.066982,-0.067633,0.41698,-0.14456,-0.2984,-0.25994,-0.12533,-0.16763,-0.10994,-0.11379,-0.048402,-0.067633,-0.067633,-0.17148,0.013136,-0.16379,-0.10225,-0.11379,-0.094556,-0.10225,-0.1984,-0.18302,-0.22533,-0.16379,-0.19456,-0.04071,-0.036864,-0.17917,-0.2484,-0.20225,0.30544,0.32083,-0.17917,-0.16379,-0.098402,0.14006,0.27467,-0.14456,0.84391,0.35929,1.9362,0.20929,0.45929,-0.10994,-0.071479,-0.28686,-0.17533,0.0092899,-0.083018,0.68621,-0.075325,-0.12148,4
-0.044556,-0.086864,-0.0099408,-0.04071,-0.09071,-0.0099408,0.043905,-0.1484,0.040059,-0.017633,-0.14071,-0.20609,-0.12917,-0.15994,-0.29456,-0.30994,-0.12148,-0.27533,-0.23686,-0.10225,-0.14456,-0.086864,-0.34071,-0.27533,-0.044556,-0.044556,-0.1484,0.036213,-0.14071,-0.079172,-0.09071,-0.071479,-0.079172,-0.17533,-0.15994,-0.20225,-0.14071,-0.17148,-0.26763,-0.013787,-0.15609,-0.22533,-0.17917,-0.17148,-0.15609,-0.15609,-0.14071,0.42467,0.41314,0.54775,1.3785,0.11698,-0.11763,0.20929,1.9824,0.98237,-0.086864,0.2016,0.73621,-0.15225,0.032367,-0.30994,-0.04071,-0.052249,-0.098402,4
-0.044556,-0.086864,-0.0099408,-0.04071,-0.09071,-0.0099408,0.043905,-0.1484,0.29006,-0.017633,-0.14071,-0.20609,-0.12917,-0.15994,0.20544,0.19006,-0.12148,-0.27533,-0.23686,-0.10225,-0.14456,-0.086864,-0.34071,-0.27533,-0.044556,-0.044556,-0.1484,0.036213,-0.14071,-0.079172,-0.09071,-0.071479,-0.079172,-0.17533,-0.15994,-0.20225,-0.14071,-0.17148,-0.26763,-0.013787,-0.15609,-0.22533,-0.17917,-0.17148,-0.15609,-0.15609,-0.14071,-0.075325,-0.086864,0.29775,-0.12148,1.367,-0.11763,0.45929,0.98237,1.9824,-0.086864,0.4516,-0.26379,-0.15225,0.032367,-0.30994,0.70929,-0.052249,-0.098402,4
-0.11379,-0.15609,-0.079172,-0.10994,-0.15994,-0.079172,-0.025325,-0.21763,0.22083,-0.086864,-0.20994,-0.27533,-0.1984,-0.22917,-0.36379,-0.37917,-0.44071,-0.34456,-0.30609,-0.17148,-0.21379,-0.15609,0.090059,-0.094556,-0.11379,-0.11379,-0.21763,-0.033018,-0.20994,-0.1484,-0.15994,-0.14071,-0.1484,-0.24456,-0.22917,-0.27148,-0.20994,-0.24071,-0.33686,-0.083018,-0.22533,-0.044556,-0.2484,0.25929,-0.22533,-0.22533,-0.20994,1.1054,1.0939,1.2285,0.30929,0.047751,0.81314,-0.10994,-0.086864,-0.086864,1.8439,0.88237,0.66698,-0.22148,-0.036864,0.62083,-0.10994,-0.12148,0.082367,4
-0.075325,-0.11763,-0.04071,-0.071479,-0.12148,-0.04071,0.013136,-0.17917,0.25929,-0.048402,-0.17148,-0.23686,-0.15994,-0.19071,-0.32533,-0.34071,-0.40225,-0.30609,-0.26763,-0.13302,-0.17533,-0.11763,0.12852,-0.056095,-0.075325,-0.075325,-0.17917,0.0054438,-0.17148,-0.10994,-0.12148,-0.10225,-0.10994,-0.20609,-0.19071,-0.23302,-0.17148,-0.20225,-0.2984,-0.044556,-0.18686,-0.0060947,-0.20994,0.29775,-0.18686,-0.18686,-0.17148,0.89391,0.88237,0.26698,0.34775,-0.16379,-0.1484,-0.071479,0.2016,0.4516,0.88237,1.9208,0.70544,-0.18302,0.0015976,0.40929,-0.32148,-0.083018,0.12083,4
-0.29071,-0.33302,-0.25609,-0.036864,-0.086864,-0.25609,-0.20225,-0.14456,0.54391,-0.26379,-0.38686,0.047751,0.12467,-0.40609,-0.04071,-0.056095,-0.11763,0.22852,-0.48302,0.6516,-0.39071,-0.33302,0.16314,-0.021479,-0.04071,-0.04071,0.10544,-0.20994,-0.13686,-0.32533,-0.33686,-0.31763,-0.32533,-0.42148,-0.40609,-0.4484,-0.38686,-0.16763,-0.26379,-0.0099408,-0.40225,0.028521,-0.42533,-0.41763,-0.40225,-0.40225,-0.38686,1.1785,0.66698,1.0516,1.1324,0.37083,-0.36379,-0.28686,0.73621,-0.26379,0.66698,0.70544,1.4901,1.1016,-0.21379,0.19391,-0.036864,0.2016,0.15544,4
-0.17917,-0.22148,-0.14456,0.074675,0.024675,-0.14456,-0.09071,-0.033018,0.65544,-0.15225,-0.27533,0.15929,0.23621,-0.29456,-0.17917,-0.19456,0.24391,0.34006,-0.12148,0.76314,-0.27917,-0.22148,0.27467,0.090059,0.070828,0.070828,0.21698,-0.098402,-0.025325,-0.21379,-0.22533,-0.20609,-0.21379,-0.30994,-0.29456,-0.33686,-0.27533,-0.056095,-0.15225,0.1016,-0.29071,0.14006,-0.31379,-0.30609,-0.29071,-0.29071,-0.27533,-0.20994,-0.22148,0.16314,-0.25609,-0.26763,0.24775,-0.17533,-0.15225,-0.15225,-0.22148,-0.18302,1.1016,1.7131,-0.10225,0.055444,0.32467,0.81314,0.76698,4
0.0054438,-0.036864,0.040059,0.0092899,-0.04071,0.040059,0.093905,-0.098402,-0.15994,0.032367,-0.09071,-0.15609,-0.079172,-0.10994,-0.24456,-0.25994,-0.32148,-0.22533,-0.18686,-0.052249,-0.094556,-0.036864,-0.29071,-0.22533,0.0054438,0.0054438,-0.098402,0.086213,-0.09071,-0.029172,-0.04071,-0.021479,-0.029172,-0.12533,-0.10994,-0.15225,-0.09071,-0.12148,-0.21763,0.036213,-0.10609,-0.17533,-0.12917,-0.12148,-0.10609,-0.10609,-0.09071,-0.025325,-0.036864,1.3478,-0.071479,-0.083018,0.43237,0.0092899,0.032367,0.032367,-0.036864,0.0015976,-0.21379,-0.10225,2.0824,1.2401,-0.24071,-0.0022485,-0.048402,4
-0.33686,-0.37917,-0.30225,-0.33302,-0.38302,-0.30225,-0.2484,0.30929,0.24775,-0.30994,0.066982,0.0015976,-0.42148,0.047751,-0.33686,-0.10225,-0.41379,0.93237,-0.27917,0.10544,-0.43686,-0.37917,-0.13302,-0.56763,-0.33686,-0.33686,-0.44071,-0.25609,-0.43302,-0.37148,-0.38302,-0.36379,-0.37148,-0.46763,-0.45225,-0.24456,-0.43302,0.53621,0.94006,0.19391,0.051598,0.48237,0.52852,0.78621,0.8016,0.5516,0.31698,-0.36763,0.12083,0.50544,-0.41379,0.074675,0.090059,-0.083018,-0.30994,-0.30994,0.62083,0.40929,0.19391,0.055444,1.2401,1.3978,-0.58302,1.1554,-0.14071,4
-0.31763,-0.10994,-0.033018,-0.31379,-0.36379,-0.28302,-0.22917,0.32852,0.016982,-0.29071,0.086213,0.27083,-0.40225,-0.43302,-0.067633,0.41698,0.10544,0.2016,-0.50994,-0.37533,-0.41763,-0.35994,-0.36379,0.2016,-0.31763,-0.31763,-0.42148,-0.23686,-0.16379,0.14775,0.13621,-0.34456,-0.35225,0.051598,0.56698,0.27467,0.086213,-0.19456,0.20929,0.71314,0.32083,0.2516,0.29775,-0.44456,0.32083,0.32083,0.086213,-0.3484,-0.35994,-0.47533,0.10544,1.0939,0.10929,0.68621,-0.04071,0.70929,-0.10994,-0.32148,-0.036864,0.32467,-0.24071,-0.58302,1.4362,-0.32533,0.62852,4
-0.079172,-0.12148,-0.044556,-0.075325,-0.12533,-0.044556,0.0092899,0.066982,-0.24456,-0.052249,-0.17533,-0.24071,-0.16379,-0.19456,-0.32917,-0.34456,0.093905,0.19006,-0.021479,-0.13686,-0.17917,-0.12148,-0.37533,-0.059941,-0.079172,-0.079172,-0.18302,0.0015976,-0.17533,-0.11379,-0.12533,-0.10609,-0.11379,-0.20994,-0.19456,-0.23686,-0.17533,-0.20609,-0.30225,-0.048402,-0.19071,-0.0099408,-0.21379,0.29391,0.05929,0.30929,-0.17533,-0.10994,-0.12148,1.2631,0.093905,0.082367,0.34775,-0.075325,-0.052249,-0.052249,-0.12148,-0.083018,0.2016,0.81314,-0.0022485,1.1554,-0.32533,1.9131,0.11698,4
-0.12533,-0.16763,-0.09071,-0.12148,-0.17148,-0.09071,-0.036864,0.77083,0.20929,-0.098402,-0.22148,0.21314,0.29006,0.25929,-0.12533,0.85929,-0.20225,-0.35609,-0.067633,-0.18302,-0.22533,-0.16763,-0.17148,0.64391,-0.12533,-0.12533,-0.22917,-0.044556,-0.22148,-0.15994,-0.17148,-0.15225,-0.15994,-0.25609,-0.24071,-0.28302,-0.22148,-0.25225,-0.3484,-0.094556,-0.23686,-0.30609,-0.25994,-0.25225,-0.23686,-0.23686,-0.22148,-0.15609,-0.16763,-0.033018,0.047751,1.2862,0.051598,-0.12148,-0.098402,-0.098402,0.082367,0.12083,0.15544,0.76698,-0.048402,-0.14071,0.62852,0.11698,1.8208,4
