-0.60213-0.14832i,-0.3533-0.12016i,-0.31992-0.080828i,-0.66066-0.068394i,-0.84838-0.10125i,-0.56676-0.11527i,-0.49713-0.0043023i,0.83664+0.07434i,0.24818-0.055628i,-0.26932-0.088338i,-0.0075754+0.01778i,0.43137-0.066575i,-0.65363+0.082095i,-0.2652-0.038311i,0.2395-0.055188i,0.92967-0.047294i,-0.36399+0.0092489i,0.55331+0.02505i,-0.57358-0.023964i,-0.47691+0.037524i,-0.4404-0.065196i,-0.65471+0.015238i,-0.69196-0.042691i,-0.080355-0.028252i,-0.39441+0.037094i,-0.91682+0.013761i,-0.80682+0.063934i,-0.39772+0.0096007i,-0.3575-0.006747i,-0.26241+0.023127i,-0.23508+0.024479i,-0.62994+0.022225i,-0.51207+0.016294i,-0.46455+0.020736i,0.31261+0.033236i,0.15776+0.046203i,0.00089778+0.038989i,0.42391+0.023078i,1.0657-0.025302i,0.57069+0.0087302i,0.24288+0.018381i,0.72127-0.0014878i,0.70298+0.021085i,0.28055-0.00096893i,1.1851+0.035475i,0.98329+0.035475i,0.22313+0.050765i,-0.95639+0.022677i,-0.66987+0.02403i,-0.12162+0.046806i,-0.36956+0.021254i,1.2252-0.0121i,-0.43745+0.027636i,0.76688-0.0074412i,-0.22576+0.016616i,0.29067+0.0036541i,0.20546+0.025436i,0.14135+0.020926i,-0.39596+0.032715i,0.023398+0.026472i,0.99163+0.010051i,1.07+0.03795i,0.81543+0.027063i,0.37726+0.028518i,0.46316+0.028243i,1
-0.69481-0.7706i,-0.72376-0.65592i,-0.50218-0.60251i,-0.73905-0.45079i,-0.7949-0.63132i,-0.61975-0.53715i,-0.39333-0.16736i,0.62604-0.13294i,-0.12658-0.2383i,-0.83952-0.27067i,-0.54362+0.073392i,-0.34639+0.047902i,-1.0147+0.094125i,-0.79962+0.11837i,-0.553+0.036319i,-0.30087+0.01281i,-0.74122+0.057942i,-0.29638-0.031248i,-1.1649+0.17313i,-1.0747-0.06022i,-1.1586+0.098786i,-1.1529+0.11614i,-0.92518-0.19188i,-0.7035-0.13678i,-0.9512+0.083449i,-0.72421+0.065366i,-1.2895+0.17491i,-0.46111+0.014445i,-1.0219+0.12427i,-0.53513+0.092743i,-0.28994+0.10057i,-0.58578+0.087524i,-0.67147+0.094168i,-0.85102+0.16084i,0.028544+0.10873i,-0.19309+0.16528i,-0.37812+0.12352i,0.51239+0.11778i,0.73956+0.17134i,0.49136+0.049901i,0.19561+0.14769i,0.83089+0.14851i,0.6834+0.16335i,0.9924+0.11055i,0.66242+0.12553i,0.76455+0.12553i,0.096372+0.092923i,1.0347+0.090135i,1.1532+0.097965i,1.6983+0.14979i,1.2509+0.12288i,1.91+0.11226i,0.85054+0.11884i,0.55679+0.03721i,0.57687+0.035593i,0.68459+0.023053i,1.7337+0.067182i,1.066+0.041081i,0.65367+0.091175i,-0.09915+0.01406i,1.0529+0.017055i,1.2768+0.16297i,0.71788+0.12041i,1.0309+0.063392i,0.38979+0.034778i,1
-0.61205+0.088108i,-0.59108+0.065689i,-0.31174+0.10201i,-0.52636+0.17266i,-0.61856+0.11055i,-0.48233+0.1433i,-0.36576+0.10918i,0.29689-0.069847i,0.041232+0.073569i,-0.62865+0.091077i,0.13656-0.034692i,0.34989+0.078019i,-0.52053-0.12773i,-0.2292+0.00097374i,-0.26259-0.0036689i,0.49325+0.019189i,0.17521+0.018283i,0.74047+0.012262i,-0.30674+0.0027487i,-0.21864+0.013935i,-0.46929+0.055136i,-0.33548-0.035581i,-0.95853+0.014711i,-0.64278+0.066139i,-0.53839-0.047233i,-0.4352-0.014127i,-0.47594-0.10132i,-0.26442-0.0010134i,-0.27305-0.011417i,-0.11499-0.02485i,0.00027002-0.027233i,-0.56157-0.02326i,0.10679-0.019319i,-0.454-0.033653i,-0.076528-0.050543i,0.61828-0.058933i,0.063618-0.04622i,0.86127-0.024697i,1.4222+0.021098i,0.57992-0.0057113i,-0.081338-0.029781i,1.0867-0.0034186i,0.47692-0.034548i,1.1417+0.0021748i,1.355-0.047296i,1.2616-0.047296i,-0.30456-0.061633i,-1.3504-0.024056i,-1.1319-0.026439i,-0.34007-0.054269i,-0.61824-0.02806i,1.0512+0.010455i,-0.93031-0.032795i,0.82733+0.015337i,0.24423-0.0073726i,0.61234+0.0084523i,-0.49241-0.016911i,-0.13039-0.0089647i,-0.22168-0.012561i,0.10373+0.00495i,0.66521-0.0018074i,1.3076-0.042946i,0.75369-0.0010198i,0.19748-0.028045i,-0.094875-0.02973i,1
0.036449+0.1255i,0.10482-0.087287i,0.016141-0.12758i,0.039516-0.15157i,0.21433+0.02709i,-0.038013+0.30898i,-0.019289+0.3204i,0.17935-0.062746i,0.24213+0.18192i,-0.31043+0.26294i,0.3868+0.034081i,0.31883-0.015239i,0.092641+0.032266i,0.1486-0.05721i,-0.25431+0.025023i,-0.023526+0.00065754i,0.064756-0.11657i,1.3677-0.038503i,-0.16001-0.038159i,0.36178-0.084915i,-0.3482+0.01769i,-0.27028-0.017096i,0.058777-0.06892i,0.039459+0.035241i,-0.15659+0.0016144i,0.033037+0.0041887i,0.12623-0.01601i,0.30226+0.0068494i,-0.24113+0.010405i,0.31315-0.014842i,0.035801-0.017011i,-0.11723-0.013396i,-0.14437-0.014279i,0.15748-0.031794i,-0.48961-0.015247i,-0.055967-0.031661i,-0.2005-0.020092i,-0.79532-0.017447i,-0.08595-0.026004i,0.92504-0.0018874i,0.2276-0.028278i,-0.24638-0.043994i,-0.097087-0.032616i,-0.87011-0.034432i,-0.1399-0.015843i,0.073963-0.015843i,-0.33035-0.00051546i,-0.91959-0.014119i,-0.96583-0.016289i,-0.024885-0.017583i,-0.53494-0.022233i,0.22259-0.026809i,-0.034081-0.022074i,-1.0254-0.0037003i,-0.54361+0.010905i,-0.53517+0.026207i,-0.37105+0.012067i,-1.0742+0.019298i,0.41441-0.014929i,1.1417+0.0054775i,1.2245+0.006126i,0.14345-0.0029097i,0.44848-0.085702i,0.68513-0.0035636i,1.2763+0.011973i,1
-0.47245+0.30664i,-0.26413+0.19326i,-0.11164+0.053855i,-0.42102+0.00043574i,-0.65368+0.19682i,-0.38919+0.23966i,-0.35161-0.15539i,0.98347-0.080315i,0.13925+0.078929i,-0.1713+0.1832i,-0.13574+0.0046178i,0.070964-0.003304i,-0.38862+0.070282i,-0.35922+0.026231i,-0.80536+0.08528i,0.46041+0.04719i,-0.35947+0.025483i,0.49709+0.075909i,-0.45894-0.0015834i,0.076464+0.0015208i,-1.0753+0.030321i,-0.56856+0.0024971i,-0.10376+0.10119i,0.51156+0.019664i,-0.55728-0.01346i,-0.51987-0.022446i,-0.71071+0.0097646i,-0.65066-0.02557i,-0.73917+0.016533i,-0.18414-0.039018i,-0.057176-0.040363i,-0.37801-0.038123i,-0.8303-0.037838i,-0.17551-0.047866i,0.46156-0.035357i,-0.22554-0.055538i,-0.1971-0.048364i,0.080484-0.031696i,0.30318-0.03181i,0.68573-0.030117i,0.45608-0.045725i,0.42794-0.06272i,0.89618-0.048414i,-0.30143-0.057623i,0.53622-0.050274i,0.37678-0.050274i,0.65098-0.053028i,-0.80311-0.038571i,-0.41331-0.039917i,0.51195-0.05135i,-0.42397-0.042769i,0.84065-0.032857i,0.40788-0.043504i,-0.084724-0.025453i,-0.96096-0.027558i,-0.56187-0.020909i,0.35868-0.03134i,-0.57182-0.026856i,0.054552-0.021841i,0.83971-0.01002i,1.6748-0.026019i,0.86336-0.046787i,0.75992-0.136i,0.93428-0.038156i,1.5765-0.0031391i,1
0.019099+0.11023i,0.21991+0.050031i,0.18129+0.21142i,0.081725+0.25807i,0.079698+0.081603i,0.011039-0.059838i,-0.019007-0.15273i,0.44299-0.10341i,0.59133-0.19587i,0.14828-0.19114i,0.67707-0.11188i,0.54077-0.049493i,0.17132-0.14029i,0.21532-0.04204i,0.095183-0.12813i,0.86711-0.088284i,-0.50019+0.053595i,1.2843-0.044504i,-0.82033+0.008577i,0.29499+0.077005i,0.097191+0.010326i,0.11619+0.0068761i,0.28009+0.042472i,0.69725-0.064521i,0.32412-0.0060911i,0.19008+0.0012125i,-0.02474-0.012802i,-0.21304+0.010737i,0.48511-0.0085552i,-0.35993+0.027014i,-0.5197+0.028642i,-0.87177+0.02593i,-0.99154+0.027782i,-0.017397+0.042112i,0.092016+0.011423i,-1.2391+0.035763i,-0.82652+0.027083i,-0.99678+0.0051559i,-0.21644+0.0041329i,1.3877+0.018658i,-0.51561+0.039298i,-1.2578+0.058357i,-0.66526+0.042554i,-1.6118+0.049994i,-0.51086+0.021873i,-0.89363+0.021873i,-0.15484+0.0022775i,-0.20587+0.026471i,-0.10449+0.028099i,-0.1693+0.011668i,-0.31783+0.033749i,0.89367+0.032331i,-0.19333+0.032439i,0.20926+0.0099305i,-0.35301-0.0056616i,0.23939-0.028122i,0.33065-0.019892i,0.36435-0.025316i,0.42656-0.023722i,0.78094-0.040223i,0.81392+0.01128i,-0.28419-0.03895i,0.63761+0.0099235i,-0.30083+0.014504i,0.86792-0.041016i,1
-0.201-0.0087328i,-0.15672-0.027227i,-0.12346+0.043488i,-0.19886+0.091348i,-0.14271-0.00025446i,-0.2032-0.043354i,-0.15383-0.084111i,0.91787-0.06844i,0.10563-0.10617i,-0.39103-0.048304i,0.0018014-0.04089i,0.28064-0.048119i,-0.28746-0.034516i,-0.062113-0.02955i,0.15762-0.068977i,0.38599-0.063586i,0.084058+0.032819i,0.23666-0.0072468i,-0.34671-0.00072813i,-0.045946+0.056211i,-0.46893+0.013326i,-0.40166+0.013433i,-0.27045+0.0096875i,-0.20048-0.0045069i,-0.31019+0.011223i,-0.11676+0.0066293i,-0.091266+0.019092i,0.042879+0.0089863i,-0.28205+0.010824i,0.64882+0.0194i,0.2853+0.020441i,0.39135+0.018706i,0.23981+0.019335i,0.43914+0.027949i,0.35804+0.01134i,1.0645+0.027163i,0.30457+0.021609i,-0.04052+0.003433i,0.3244-0.0044346i,-0.16082+0.013535i,1.1569+0.026113i,0.62309+0.021486i,0.83427+0.028195i,-0.61897+0.01669i,1.4857+0.019224i,0.62306+0.019224i,1.1962+0.010946i,-1.2988+0.019053i,-1.0752+0.020094i,-1.2593+0.015085i,-1.1239+0.023154i,0.37472+0.012696i,-0.71646+0.022871i,0.8089+0.0010851i,-0.38665+0.0018679i,0.2786-0.010239i,-0.84064-0.0038622i,-0.24708-0.0073333i,-0.86013-0.00823i,-0.072233-0.018232i,0.046322+0.0093335i,-0.24258-0.016193i,0.5886-0.0081687i,-0.79372+0.013526i,-0.093557-0.019218i,1
-0.16544+1.0862i,-0.30226+0.76468i,-0.12553+1.0175i,-0.33465+0.23366i,-0.40462+0.54613i,-0.085477+0.33527i,-0.006859+0.11842i,-0.29555+0.079268i,0.27283-0.055526i,-0.15516+0.11123i,-0.18328-0.28636i,-0.16396-0.33916i,-0.54923-0.26805i,0.050395-0.36175i,-0.25225-0.26156i,0.29734-0.22686i,-0.50733-0.50279i,0.094204-0.60913i,-0.54999-0.24237i,-0.29128-0.21942i,-0.40709-0.12891i,-0.37247-0.080274i,-0.31495+0.043403i,-0.60446+0.048408i,-0.19342-0.02533i,-0.12624-0.0158i,-0.64478-0.094735i,-0.22624+0.044213i,-0.61037-0.11701i,-0.59438+0.031167i,-0.51203+0.029862i,-0.5108+0.032035i,-0.47998+0.030108i,-0.84137+0.018172i,-0.86627+0.015838i,-0.7862+0.028577i,-0.99727+0.035538i,0.10481-0.088143i,0.10588-0.20037i,-0.068969+0.0376i,-0.69564+0.020246i,-0.36846+0.015329i,-0.077338+0.01764i,1.0585+0.02248i,-0.14149+0.042707i,-0.27802+0.042707i,-0.55354+0.066912i,0.20883+0.031597i,0.7699+0.030293i,1.6583-0.012825i,0.65224+0.025323i,1.922-0.048482i,0.53518+0.026813i,1.481-0.025651i,1.7499-0.0031776i,1.8034-0.046596i,0.32784-0.05231i,0.55621-0.047958i,0.43123-0.21627i,-0.54525-0.2026i,0.74191+0.043779i,0.20969-0.1898i,0.37418-0.043904i,0.829+0.045441i,-0.044993-0.10543i,1
-0.43814-0.41434i,-0.55109-0.21828i,-0.36154-0.51188i,-0.39255-0.3084i,-0.43912-0.14753i,-0.35807+0.025487i,-0.22754+0.43768i,0.47231+0.29031i,0.07442+0.42296i,-0.53096+0.15267i,-0.0095246+0.25757i,0.13908+0.19755i,-0.32477+0.14168i,0.23033+0.081447i,-0.57025+0.17334i,0.13229+0.14786i,-0.3701+0.10695i,-0.023956+0.27079i,0.012781-0.0027498i,-0.20712+0.0034709i,-0.48924-0.062054i,-0.35961-0.071471i,-0.14881-0.036226i,-0.15087+0.0078666i,-0.40544-0.034747i,-0.29325-0.0135i,-0.61797-0.086727i,-0.23066-0.032432i,-0.55527-0.038051i,-0.76169-0.075676i,-0.67681-0.080001i,-0.71748-0.072794i,-0.7299-0.074699i,-0.66113-0.10975i,-0.55062-0.0043286i,-0.30266-0.091348i,-0.4463-0.068286i,0.16416-0.0016448i,0.42772+0.024326i,-0.34077-0.050092i,-0.09995-0.10265i,0.05795-0.075056i,0.58658-0.1113i,1.1928-0.055855i,0.38607-0.041943i,0.064949-0.041943i,0.49613+0.024524i,0.35825-0.074232i,1.286-0.078556i,0.51052-0.033088i,-0.22135-0.090554i,1.078-0.062974i,1.2474-0.090088i,0.87989+0.0010929i,-1.1823+0.0057482i,-0.10435+0.066065i,1.4937+0.038166i,0.97175+0.052578i,-0.22621+0.10882i,0.01165+0.14964i,0.36744-0.033874i,1.1086+0.1434i,-0.021721+0.091379i,0.40694-0.035235i,0.94121+0.11098i,1
-0.32371-0.00012322i,-0.3339-0.16606i,-0.11191-0.0057845i,-0.47822+0.076312i,-0.54534-0.095001i,-0.21531+0.17223i,-0.1472+0.23212i,0.1649-0.21728i,0.074157-0.084119i,-0.32713+0.22307i,-0.10646-0.16489i,-0.090332-0.13457i,-0.25162-0.14863i,-0.14128-0.13865i,-0.38967-0.169i,0.19951-0.13277i,-0.36567-0.2444i,0.15663-0.3081i,-0.38784-0.05387i,-0.50943-0.11477i,-0.22128+0.08173i,-0.19985+0.015005i,-0.24663-0.13026i,0.13321+0.14341i,-0.5119+0.025451i,-0.39231+0.023199i,-0.5392+0.0023164i,-0.10048+0.059481i,-0.41142+0.027888i,0.2838+0.067004i,0.21369+0.067756i,-0.021847+0.066503i,-0.23123+0.066925i,0.19618+0.073114i,0.4263+0.028481i,-0.02593+0.067477i,-0.2536+0.063465i,0.16772+0.00094071i,0.13048-0.019565i,0.63763+0.062763i,-0.050207+0.071761i,0.12839+0.06205i,-0.17089+0.073266i,-0.20246+0.05862i,-0.316+0.056458i,-0.069701+0.056458i,0.17549+0.040152i,1.4743+0.066752i,0.82101+0.067505i,0.35272+0.040983i,0.67844+0.069684i,0.39977+0.047217i,0.77067+0.069511i,-0.75475+0.033729i,0.040094+0.036599i,0.092057+0.010049i,1.2729+0.014719i,1.3027+0.012212i,0.43644-0.07921i,-0.031587-0.086402i,-0.45891+0.059733i,-0.64191-0.065096i,0.28332-0.052237i,-0.51035+0.057599i,0.074989-0.040904i,1
-0.33987-0.20986i,-0.52128+0.040996i,-0.38645-0.55972i,-0.15248-0.17261i,-0.26559+0.12669i,-0.31014+0.22081i,-0.14792-0.11294i,0.46344-0.022146i,0.30962+0.42795i,-0.18445+0.24642i,-0.63412+0.11732i,0.038332+0.19933i,0.26869+0.084i,-0.1878+0.14799i,0.30031+0.26756i,0.39137+0.22093i,0.0079458+0.16223i,-0.19575+0.27612i,-0.0225+0.062244i,0.54332+0.0096643i,0.0066954+0.040924i,0.11552-0.033749i,0.24092+0.17496i,0.37099-0.034904i,0.40274-0.06152i,0.3337-0.036659i,0.1904-0.064594i,-0.39178-0.061951i,0.30811+0.0055809i,-1.2338-0.079322i,-1.1858-0.081059i,-1.1141-0.078165i,-0.78559-0.071858i,-1.4618-0.078872i,-0.54557-0.05042i,-1.0877-0.097911i,-0.98247-0.088646i,0.083984-0.015838i,-0.53571+0.075562i,-0.46018-0.061914i,-1.0354-0.076077i,-0.020011-0.050447i,-0.83788-0.07955i,0.002035-0.049803i,-0.29735-0.076398i,-0.44733-0.076398i,-0.71415-0.074403i,0.82893-0.078743i,0.26779-0.08048i,1.7236-0.062071i,1.0697-0.078228i,0.62362-0.017584i,0.24695-0.085112i,-0.63785-0.011213i,1.0382-0.034118i,-0.088098+0.016749i,0.15006-0.0086002i,0.58781-0.00281i,1.7623+0.086673i,1.7669+0.096002i,-0.048996-0.06253i,0.42615+0.054253i,-0.13528-0.041578i,1.523-0.075431i,1.002+0.035313i,2
-0.14774+0.22977i,-0.36619+0.27353i,-0.11264-0.066586i,0.0297-0.06831i,-0.11918+0.39914i,0.026692+0.26544i,0.037196+0.16273i,0.48533-0.13808i,0.61316+0.34395i,0.043853+0.32745i,-0.6032-0.11786i,-0.27034-0.032622i,0.23632-0.052001i,-0.16559-0.048028i,-0.53809+0.20828i,-0.11519+0.22355i,-0.68565-0.1082i,0.1794-0.0086707i,-0.43573-0.082964i,0.3883-0.02833i,-0.80755-0.032446i,-0.63425-0.053553i,-0.23465+0.2261i,-0.25405+0.12822i,-0.31537-0.038715i,-0.21455-0.042765i,0.0044042-0.060075i,0.47263-0.021158i,-0.64644-0.048134i,-0.16324-0.040944i,-0.11773-0.042923i,0.30522-0.039626i,0.46548-0.043246i,0.15538-0.062037i,-1.2023-0.20035i,-0.308-0.095892i,-0.337-0.085339i,-0.27217-0.049946i,-0.70337+0.049978i,-0.19057-0.031932i,-0.59081-0.05884i,-0.1868-0.1436i,-0.53425-0.062795i,0.48216-0.13206i,-0.10435-0.12672i,-0.29175-0.12672i,-0.076742-0.19197i,0.31084-0.040286i,0.055998-0.042264i,1.1249-0.048913i,-0.088649-0.050501i,0.22433-0.010956i,-0.24277-0.04754i,-0.29163-0.026669i,0.10994+0.016687i,-0.30253+0.059163i,0.3685+0.051894i,0.78734+0.05849i,1.0441+0.082935i,1.3085+0.10436i,0.083454-0.021818i,1.1195-0.05418i,-0.50267-0.12109i,1.8402-0.070272i,0.87083-0.093711i,2
-0.46192-0.055985i,-0.57171-0.19829i,-0.40194-0.2307i,-0.13107+0.058442i,-0.40094+0.038673i,-0.3783-0.011621i,-0.16606+0.21498i,-0.12571-0.01336i,-0.044879+0.012647i,-0.22116-0.23357i,-0.90609-0.045482i,-0.67025-0.035667i,-0.24726-0.10278i,-0.56336-0.056284i,-0.57596-0.1449i,0.1591-0.09851i,-0.48074+0.13632i,-0.53008+0.082018i,-0.55191-0.0048105i,-0.15686+0.09803i,-0.65603-0.061459i,-0.63746-0.027236i,-0.59672+0.066275i,-0.13141-0.26654i,-0.33077-0.012346i,-0.52317-0.0069654i,-0.31823-0.033994i,-0.023875-0.00080203i,-0.38097-0.046028i,0.43348+0.010152i,0.1243+0.011247i,0.23548+0.0094215i,-0.1776+0.0080114i,0.32427+0.014998i,0.67799+0.089858i,-0.36278+0.045184i,0.30111+0.039341i,-0.3328+0.02451i,-0.50384-0.0035508i,0.77329+0.001904i,0.30424+0.013071i,-0.42129+0.070581i,-0.055071+0.015264i,-0.73384+0.067612i,-0.0046157+0.059563i,-0.37547+0.059563i,-0.20424+0.1046i,0.65538+0.0097869i,0.53706+0.010881i,1.0086+0.039956i,0.7168+0.012028i,0.97752+0.002781i,0.89031+0.013802i,0.22344+0.019503i,0.80905-0.00081693i,0.34665-0.010226i,0.2149+0.00062745i,0.2806-0.0030233i,0.91887+0.039853i,1.0583+0.031409i,-0.080806-0.0004366i,0.067071+0.075434i,1.0864+0.0024732i,0.62354+0.030842i,0.68929+0.06372i,2
-0.1138+0.24705i,-0.35718+0.32158i,-0.22153-0.023577i,-0.01888+0.37675i,0.035784+0.49469i,-0.064398+0.39025i,0.01187-0.020608i,0.10871+0.03389i,0.56221+0.25889i,-0.38375+0.092784i,-0.50167-0.083578i,-0.14072-0.030795i,0.45375-0.0066897i,-0.02638+0.022333i,-0.3849-0.031657i,-0.26066+0.024814i,-0.12407+0.17746i,-0.29594+0.2602i,-0.34399-0.083787i,0.48237+0.18861i,-0.71478-0.099435i,-0.47849-0.056441i,-0.41711+0.25536i,-0.052408-0.05171i,-0.02517-0.048766i,-0.32312-0.07108i,-0.76515-0.069676i,-0.74652-0.026913i,-0.74559-0.099272i,-0.049933-0.066436i,-0.047872-0.070389i,0.32391-0.063802i,0.16901-0.074605i,-0.31778-0.11571i,-1.3918-0.052539i,-0.58542-0.09779i,-0.27136-0.07671i,-0.47222-0.058175i,-1.0006-0.10534i,-0.82432-0.052109i,-0.4716-0.10922i,-0.29045-0.10796i,-0.85748-0.11713i,-0.35578-0.08135i,-0.46446-0.087816i,-0.39748-0.087816i,-0.2328-0.061139i,0.741-0.065118i,0.72425-0.06907i,1.6455-0.086364i,0.85003-0.089097i,1.2115-0.071978i,0.11269-0.07961i,-0.27016-0.021389i,0.90746-0.03383i,0.3648-0.038642i,0.20675-0.046017i,0.75971-0.032843i,1.4367-0.00074356i,1.58+0.045632i,-0.15399-0.028231i,0.73915-0.074585i,-0.11693-0.14762i,1.4081-0.046512i,1.2434+0.031386i,2
-0.27306+1.1272i,-0.46703+0.46666i,-0.30241+1.2841i,-0.21607+0.23441i,-0.24835+0.31517i,-0.21278+0.40598i,-0.092295+0.35443i,-0.13054+0.021677i,-0.1669-0.16631i,-0.33483+0.016076i,-0.49493-0.026542i,-0.51551-0.14388i,-0.17522+0.031364i,-0.26942-0.034826i,-0.68733-0.0023357i,-0.69185-0.095451i,-0.8135-0.30823i,-0.47603-0.21203i,-0.46582-0.08638i,-0.1168-0.13471i,-0.28855-0.021016i,-0.14546+0.016975i,-0.54645-0.20518i,-0.34483+0.17421i,-0.26875+0.022442i,-0.05358+0.0051627i,-0.37416+0.011933i,-0.13783+0.028252i,-0.45359-0.0028401i,-0.74389-0.038207i,-0.83166-0.044853i,-0.53726-0.033777i,-0.5056-0.034054i,-0.95275-0.085284i,-1.0599-0.16707i,-0.97097-0.13537i,-0.87273-0.099927i,-0.86456-0.10462i,-1.1601-0.11563i,-0.58819+0.0037064i,-0.86738-0.074309i,-0.34388-0.19574i,-0.82362-0.0876i,0.24412-0.16888i,-0.48132-0.12706i,-0.84796-0.12706i,-0.7058-0.17094i,2.7331-0.035993i,2.6842-0.042642i,2.9019-0.13019i,2.2016-0.058424i,0.48958-0.063015i,2.1192-0.060364i,0.30665-0.040271i,0.42959+0.0025173i,-0.56647+0.016105i,2.4693-0.03208i,0.91776-0.0099246i,1.5043-0.17803i,0.98635-0.11794i,0.99397+0.026036i,1.2494-0.21784i,-0.98479-0.16008i,1.9405-0.049075i,0.30102-0.11847i,2
0.14852+1.6267i,0.15815+0.89624i,-0.023928+1.6749i,0.23606+0.55313i,0.29556+0.7628i,0.045254+0.79649i,0.023128+0.73906i,0.70915+0.23118i,0.18879+0.1015i,0.036068+0.062275i,-0.010062-0.13012i,-0.070915-0.10588i,0.2347-0.14339i,0.14777-0.19154i,0.23771-0.23767i,0.023315-0.23462i,0.57969-0.38826i,-0.143-0.30301i,0.705-0.21703i,0.35048-0.16239i,-0.33855-0.12552i,-0.25953-0.10267i,0.40298-0.18397i,0.35357+0.060811i,0.15741-0.077665i,-0.08486-0.03451i,0.31021-0.20472i,0.35168+0.035083i,-0.18692-0.14347i,-0.21968-0.088074i,-0.047489-0.10039i,-0.11061-0.079865i,-0.061062-0.085481i,-0.28289-0.18553i,-0.16651-0.10171i,0.24939-0.20692i,0.51147-0.14123i,-0.24546-0.15802i,-0.17395-0.29769i,-0.65213-0.015593i,0.64455-0.1651i,0.3588-0.15366i,0.51115-0.18973i,0.51491-0.098779i,0.41793-0.14024i,1.1223-0.14024i,0.58249-0.098949i,-0.80227-0.083973i,-0.8622-0.09629i,-1.2771-0.22231i,-0.91642-0.13064i,-0.16498-0.13575i,-1.2345-0.12913i,-0.89774-0.027277i,-0.56697-0.037679i,-0.18719-0.047782i,-0.15929-0.12687i,0.73722-0.08581i,-0.26594-0.2878i,0.20429-0.17134i,-1.9456+0.030979i,0.0095994-0.32579i,-0.24913-0.12573i,0.57883-0.046906i,0.46866-0.056515i,2
-0.12688-1.1667i,-0.27175-1.0447i,-0.19097-0.5756i,0.084689-0.43774i,0.027952-1.1245i,-0.080615-1.076i,-0.056129-0.50886i,0.28614-0.081725i,-0.25165-0.73966i,-0.010414-0.63755i,-0.19529+0.22155i,-0.12213+0.12591i,0.46775+0.040299i,0.20204+0.04049i,-0.1823-0.18852i,0.028578-0.17881i,-0.076606+0.25517i,-0.13357-0.0090593i,0.2398+0.27199i,0.71215+0.07069i,-0.013696+0.1589i,-0.022466+0.14347i,0.13838-0.38457i,0.26-0.22948i,-0.099092+0.11465i,0.055995+0.13315i,0.094041+0.20079i,0.06224+0.030911i,-0.068867+0.19173i,-0.16505+0.15731i,0.121+0.16996i,0.33957+0.14889i,0.33265+0.16034i,0.19949+0.2687i,-0.39276+0.27251i,-0.15456+0.30253i,0.15457+0.23511i,0.19046+0.20599i,-0.25984+0.19668i,-0.49866+0.088812i,-0.081214+0.24754i,-0.13632+0.34432i,-0.071739+0.27281i,-0.049409+0.2823i,0.13165+0.2681i,-0.13778+0.2681i,0.064001+0.2718i,-0.35828+0.1531i,-0.33699+0.16574i,1.0908+0.24699i,-0.48092+0.20669i,-0.15002+0.15182i,0.44868+0.19945i,-1.0054+0.058055i,-0.61115+0.034461i,-1.295-0.014927i,-0.29902+0.054865i,-0.80587+0.012729i,0.26699+0.10102i,1.0741-0.024192i,0.28232+0.035125i,0.66389+0.2824i,-0.63912+0.35562i,1.3234+0.1381i,0.48812+0.064895i,2
-0.22727-0.22915i,-0.43881+0.31021i,-0.26203+0.28242i,-0.099066+0.0091194i,-0.25066-0.10248i,-0.15481-0.33107i,-0.018843-0.39748i,-0.090603+0.26337i,0.60941-0.031427i,-0.15499+0.13403i,-0.61068+0.024598i,-0.30086+0.034786i,0.16566+0.1213i,-0.053429+0.11307i,-1.0563+0.06834i,-0.46339+0.068373i,-0.41488-0.041932i,0.51553-0.025766i,-0.25312-0.016089i,0.52806-0.02173i,-0.5234+0.011874i,-0.30871+0.017021i,0.16805-0.042165i,0.025782+0.34407i,0.19472+0.007421i,0.043197-0.017749i,0.32684+0.029593i,0.3282+0.00065309i,-0.33289+0.0035203i,-0.71533-0.008677i,-0.98788-0.0096094i,-0.57324-0.0080533i,-0.56214-0.011665i,-1.2568-0.022421i,-1.2511-0.03206i,-1.2982-0.025272i,-1.0557-0.020297i,-0.36885-0.020118i,-0.24378-0.030365i,0.04993-0.0062761i,-0.96498-0.020967i,-0.40114-0.052818i,-0.82446-0.022837i,0.1556-0.045482i,-0.76114-0.034458i,-0.43475-0.034458i,-1.0208-0.04671i,0.92018-0.0083637i,1.1533-0.0092933i,2.0265-0.026229i,0.88542-0.015085i,-0.018579-0.010442i,0.68999-0.01178i,-0.81545-0.0066337i,0.40449-0.0045559i,-0.66168-0.011387i,0.96633-0.011005i,1.2042-0.0078983i,1.9666-0.031886i,1.8095-0.019887i,1.0115+0.00034192i,1.5818-0.055545i,-1.0055+0.11225i,2.0484-0.013244i,1.4568-0.0035224i,2
0.30256-0.68805i,0.2394-0.547i,0.15309-0.70237i,0.51055-0.12045i,0.55563-0.53544i,0.26979-0.37668i,0.22055-0.41998i,-0.13883-0.26147i,0.57102-0.41479i,0.32478+0.081558i,0.40114+0.064493i,0.57264-0.051176i,0.72965-0.019278i,0.59504-0.059787i,0.47334-0.18755i,0.051342-0.16883i,0.68343+0.13801i,0.41538-0.0708i,0.84628+0.089886i,0.81301+0.106i,0.99901+0.17592i,0.83121+0.079431i,0.29303-0.032516i,0.18343-0.011574i,0.24323+0.074398i,0.99982+0.060171i,0.99096+0.122i,0.58883+0.034252i,0.53999+0.13689i,-0.59768+0.10901i,-0.75129+0.11648i,-0.27536+0.10403i,-0.26516+0.10907i,-1.0684+0.17143i,-0.87306+0.21833i,-0.90507+0.20865i,-0.73274+0.16878i,-0.12528+0.0866i,0.046494+0.013562i,-0.9603+0.066809i,-0.85843+0.15887i,-0.64498+0.21704i,-0.94357+0.17382i,-0.37911+0.18209i,-0.90612+0.19847i,-0.18938+0.19847i,-0.65109+0.22811i,-0.93464+0.10652i,-1.105+0.11399i,0.37681+0.14497i,-0.9114+0.13648i,-0.023536+0.068442i,-0.71354+0.13393i,-0.32019+0.028474i,-0.43955+0.0055533i,0.0010848-0.057907i,-0.73255-0.013179i,-0.57529-0.038098i,-0.6542-0.043348i,1.0957-0.11567i,0.30279+0.036744i,1.1462+0.097434i,-0.90555+0.030431i,0.97385+0.11137i,0.24029+0.028958i,2
-0.010274+0.59457i,0.0091228+0.24726i,-0.011808+0.76897i,0.046211+0.22539i,0.079502+0.28296i,-0.004657+0.13413i,-0.050151+0.69853i,0.78895+0.13796i,0.41526+0.0026594i,-0.072802-0.24298i,0.098568-0.2407i,0.6943-0.26892i,0.34508-0.088752i,0.21784-0.14396i,0.39183-0.12606i,0.66189-0.15083i,0.81601-0.33967i,0.53964-0.29359i,0.43524-0.17283i,0.12065-0.12219i,0.067142-0.18895i,-0.074373-0.024922i,-0.17133-0.060697i,0.38997-0.0018492i,0.03354+0.013776i,-0.14201-0.0051774i,-0.25335-0.014125i,-0.60938+0.050144i,0.037148-0.11461i,-0.067762+0.01476i,-0.050656+0.011221i,-0.29643+0.017119i,-0.24689+0.013208i,-0.24771-0.01783i,0.34066-0.075639i,0.18462-0.032497i,-0.19002-0.013625i,0.70453-0.066585i,0.38072-0.080333i,-0.16449+0.03336i,-0.075896-0.012034i,0.55046-0.098368i,0.14251-0.01911i,0.036369-0.080303i,0.026702-0.031261i,0.4381-0.031261i,0.25691-0.045771i,-2.037+0.015939i,-2.2162+0.012402i,-0.41394-0.020198i,-1.4324+0.00023368i,-0.093368-0.020933i,-0.13273+0.002965i,-0.66756-0.00058545i,-1.0864+0.04603i,-0.60891+0.055326i,-1.5062+0.037201i,-1.9399+0.048995i,-0.43939-0.047405i,1.467-0.01165i,0.7189+0.048964i,0.97669-0.12853i,0.7399-0.041568i,0.80793+0.013403i,1.3542-0.051184i,2
0.28465-0.37271i,0.48253-0.49936i,0.23439-0.31742i,0.42253-0.25066i,0.324-0.31027i,0.17153-0.1138i,0.10704+0.077546i,0.039283+0.18329i,0.28096+0.12271i,0.54189-0.49377i,-0.22833+0.10598i,-0.0483+0.2093i,0.36961-0.015595i,-0.075372+0.07825i,-0.18974-0.057187i,0.22206-0.0010592i,0.15102+0.19499i,-0.40285+0.22587i,-0.18598+0.13574i,0.14012-0.038291i,0.18569-0.062227i,-0.018976-0.018069i,0.42291-0.2428i,1.2592-0.37238i,0.51139-0.027373i,-0.022124+0.011678i,0.45972-0.039636i,0.087474-0.032731i,0.16081-0.026016i,0.22075-0.0097629i,0.32041-0.0074661i,0.27537-0.011294i,0.288-0.010776i,0.3452+0.007353i,-0.23001+0.11347i,-0.36854+0.041633i,-0.47225+0.029383i,-0.63061+0.10206i,-1.0221+0.13322i,-0.29902-0.02369i,-1.154+0.0034226i,-0.46457+0.12239i,-1.0864+0.008016i,-0.36907+0.11269i,-1.1864+0.057014i,-0.93122+0.057014i,-0.81418+0.10754i,0.11016-0.010528i,-0.31036-0.0082322i,0.38511+0.066193i,0.26321-0.0023541i,0.15604+0.035124i,-0.43117-0.0021071i,-0.28754+0.044658i,-0.16944+0.0026488i,-0.38398+0.025283i,0.0033103+0.041089i,0.32241+0.033433i,0.27278+0.16355i,1.1646+0.14236i,-0.26672-0.031965i,0.11736+0.23785i,-0.26782+0.20931i,0.26702+0.011674i,0.94641+0.15577i,2
0.096182+0.15256i,0.0032475-0.17657i,0.22893+0.14319i,-0.20976-0.089975i,-0.19819+0.016322i,0.2079+0.22163i,0.18936+0.36516i,0.20849+0.012183i,-0.39555+0.17987i,0.15256-0.24508i,-0.19093-0.12561i,0.083399-0.052154i,0.38627-0.036491i,0.09445-0.0061591i,0.036527+0.006004i,0.68755-0.020968i,0.15547-0.15478i,-0.80582-0.050851i,0.44141-0.0013656i,-0.54274-0.16562i,0.23926-0.085869i,0.40818-0.00019072i,-0.53549-0.17277i,0.48924-0.13803i,-0.068946-0.0019588i,0.43994+0.0011886i,-0.08127+0.0032416i,0.08504+0.0033633i,0.38656-0.041837i,0.77989-1.1018e-05i,0.46116-0.00034849i,0.42734+0.00021372i,0.36172+0.002068i,0.56515+0.0013359i,0.48013-0.045984i,0.84256-0.015709i,1.0144-0.01391i,-0.41705+0.010902i,-0.31474+0.091945i,0.19246+0.0040808i,0.95844+0.0017967i,0.16439-0.028795i,0.60188+0.0011221i,-0.38321-0.0293i,-0.19654-0.022602i,0.30868-0.022602i,0.11932-0.046551i,-1.1502+0.00010129i,-1.3021-0.0002368i,-0.74984+0.019111i,-0.77908+0.00083054i,0.13815+0.032254i,-1.1321-0.001137i,0.012389+0.020776i,-0.20707+0.036708i,0.42522+0.075787i,-1.3187+0.069604i,-0.86886+0.070729i,-1.5143+0.092633i,0.15168+0.093814i,-0.34883+0.0032502i,-0.76987+0.043041i,0.92504+0.0074109i,-0.10222-0.011423i,0.63356+0.020648i,2
-0.14024+0.31868i,-0.056507+0.78152i,-0.0011964+0.22305i,-0.26845+1.0796i,-0.34329+0.87708i,-0.098553+0.43313i,-0.067487-0.19359i,0.37332+0.026167i,-0.6486+0.23599i,-0.018348+0.27741i,-0.17412-0.15189i,-0.1829+0.024347i,-0.22051-0.28755i,-0.10401-0.090077i,-0.16458-0.074138i,0.34425+0.044109i,-0.39121+0.32203i,-1.1985+0.32419i,-0.11388-0.1877i,-1.0811+0.43894i,-0.1441-0.090112i,-0.10173-0.1731i,-0.29913+0.60326i,0.59242+0.2054i,-0.22062-0.14922i,-0.25523-0.11125i,-0.49388-0.29649i,0.023633-0.031455i,-0.14692-0.18306i,0.12366-0.11209i,-0.068447-0.12015i,0.04684-0.10671i,-0.020521-0.11305i,-0.075085-0.18121i,0.080161-0.1574i,0.25135-0.19642i,0.081892-0.15342i,-0.60358-0.14274i,-0.70641-0.15902i,-0.41186-0.067256i,0.3103-0.16787i,-0.20722-0.1281i,0.11744-0.18399i,-0.054298-0.08951i,-0.25051-0.16471i,-0.023538-0.16471i,-0.028805-0.15081i,0.61249-0.1094i,0.76696-0.11746i,0.60559-0.18898i,0.72397-0.14262i,1.1552-0.09803i,1.3239-0.13896i,0.043344-0.030887i,-0.5097-0.061542i,-0.0327-0.05592i,0.8487-0.10238i,-0.30773-0.075501i,-0.28711-0.038124i,-0.26769+0.040784i,-0.010838-0.034142i,-0.17177-0.20681i,0.72196-0.09491i,0.28244-0.091697i,1.543-0.089492i,2
0.072529-0.24378i,0.17345+0.22824i,0.16674-0.1907i,-0.094536-0.12772i,-0.083498+0.085185i,0.068051-0.54285i,0.054919-0.81972i,0.070514+0.24209i,-0.044146-0.042671i,0.069902-0.33476i,0.24772+0.19656i,0.068277+0.085363i,0.0079215+0.2459i,0.10803+0.17911i,0.089272+0.21745i,0.5357+0.15607i,0.29676+0.49148i,-0.29778+0.50884i,0.24819+0.082417i,-0.66359+0.30592i,0.32675-0.10464i,0.24861+0.010703i,0.022976+0.3482i,0.69697-0.17808i,0.061971-0.0043902i,0.047834-0.035042i,0.017784+0.086159i,0.16308-0.094971i,0.33043-0.0082512i,0.38304-0.062901i,0.16534-0.059695i,0.018731-0.065041i,0.26663-0.065411i,0.12435-0.041191i,0.30426-3.3776e-06i,0.47066-0.018711i,0.3007-0.035815i,-0.23799+0.017111i,-0.04786+0.043354i,-0.062202-0.083483i,0.21325-0.04664i,-0.026716-0.058824i,-0.092907-0.040227i,-0.0051243-0.071284i,-0.045841-0.026879i,0.36514-0.026879i,-0.27364-0.011394i,-0.29753-0.063968i,-0.46126-0.060761i,-1.1707+0.0061128i,-0.64609-0.053652i,0.62609-0.051075i,-0.063691-0.052211i,-0.61851-0.064244i,-0.52449-0.055081i,0.48329-0.035175i,0.23451-0.010912i,0.60148-0.021604i,-0.62005+0.15829i,-0.29739+0.12979i,-1.7568-0.093903i,-0.87993+0.12782i,0.64539+0.066453i,-0.75779-0.060506i,0.67273+0.046416i,2
0.43283+0.48052i,0.50095-0.044692i,0.44175+0.39411i,0.2796+0.090857i,0.35388+0.20729i,0.40548+0.35481i,0.35238+0.59856i,-0.2606-0.051633i,0.011293+0.12642i,0.35135-0.26342i,0.37739-0.2542i,0.48992-0.18217i,0.50008-0.10945i,0.60029-0.078007i,0.43799-0.10462i,0.76788-0.12568i,0.16884-0.24825i,0.11806-0.17841i,-0.057859-0.068697i,-0.25519-0.16786i,0.6756-0.11361i,0.65136-0.002679i,0.50144-0.12894i,1.0846-0.17146i,0.29627+0.0012184i,0.41329-0.0061648i,0.58722-0.003931i,0.58032+0.027884i,0.39067-0.072169i,-0.68535+0.012468i,-0.60701+0.010926i,-0.19424+0.013495i,-0.2375+0.013768i,-0.54138+0.0022188i,0.049417-0.04212i,-1.1098-0.015615i,-0.31752-0.0073929i,-0.59414-0.022256i,-0.55637+0.018914i,0.20102+0.022604i,-1.0046+0.0046869i,-1.5595-0.039403i,-1.2436+0.0016053i,-1.2752-0.033507i,-0.59938-0.01879i,-1.3316-0.01879i,-1.5998-0.040209i,0.16294+0.01298i,0.13304+0.011438i,0.13876+0.0020698i,0.52763+0.0081142i,1.1858+0.022976i,0.53715+0.0073259i,0.55798+0.022373i,0.5483+0.038474i,0.57602+0.05886i,-0.50683+0.047009i,-0.044473+0.052149i,-0.19164+0.018492i,-0.073335+0.032094i,-0.82738+0.02737i,-1.0098-0.047114i,0.38506-0.085707i,-0.9526+0.0043264i,0.86295-0.0014694i,2
0.13861-0.16012i,0.16631+0.10591i,0.068235-0.13804i,0.20926+0.1234i,0.29141+0.047186i,0.076515-0.20641i,0.10974-0.34151i,0.57095-0.035156i,-0.36237-0.13253i,-0.1039+0.064957i,0.0090014+0.01921i,0.26346-0.032914i,0.37512+0.034535i,0.32044+0.027038i,0.50027-0.017262i,0.83566-0.00054919i,0.59842+0.18534i,-0.30539+0.11927i,0.34745-0.0031639i,-0.19644+0.19239i,0.073488+0.025002i,0.069781+0.014733i,0.0056753+0.19096i,0.88327+0.057428i,0.33516+0.013184i,-0.15707-0.013859i,0.27706+0.038118i,0.23662-0.0075934i,0.19616+0.016698i,0.013681+0.005138i,0.3681+0.0064112i,0.1378+0.0042894i,0.27523+0.0014125i,0.47929+0.0082978i,0.92622+0.018412i,0.20445+0.021596i,0.29707+0.014806i,-0.057699-0.007042i,-0.11364-0.044431i,0.44775-0.0057013i,0.17756+0.0060755i,-0.16316-0.0031449i,0.15254+0.0086208i,-0.29018-0.0053615i,-0.30539+0.011629i,0.10003+0.011629i,-0.039713+0.015484i,-1.5703+0.0047147i,-1.8255+0.0059883i,-0.99533+0.0030749i,-0.70742+0.0060812i,0.39527-0.013885i,-1.0812+0.0093831i,0.7759-0.01747i,-0.14689-0.020072i,0.5969-0.045944i,-1.7685-0.030853i,-1.589-0.035098i,-1.3457-0.018661i,0.38851-0.027242i,0.06501-0.007169i,-0.65217-0.021966i,0.85837-0.03705i,-0.20321+0.0049439i,0.36253-0.013135i,2
0.17463+0.063594i,0.25057+0.17992i,0.26624+0.012753i,0.0020083-0.25823i,-0.057104-0.12708i,0.18228+0.24632i,0.19235+0.030112i,0.24957-0.03806i,-0.87718+0.12799i,0.28765+0.9348i,-0.22582+0.2011i,-0.17469+0.08995i,0.060501+0.15055i,-0.026827-0.024205i,0.15504+0.21028i,0.73318+0.15749i,0.34559-0.26077i,-1.5009-0.15643i,-0.075545-0.056598i,-0.94574-0.16224i,0.21469+0.19139i,-0.062275-0.014294i,-0.56893-0.10731i,0.66774+0.59896i,0.20298+0.0068175i,-0.12318+0.010093i,-0.094743-0.02685i,0.30449+0.013956i,0.23421+0.10042i,0.31257-0.03763i,0.31887-0.042788i,0.22809-0.034191i,0.28207-0.034966i,0.36312-0.075292i,0.81788-0.10509i,0.27131-0.10053i,0.41948-0.073021i,-0.28813-0.062134i,-0.65129-0.074788i,-0.19252-0.005633i,0.11195-0.06679i,-0.76867-0.1291i,-0.28359-0.07711i,-0.5556-0.10769i,-0.35158-0.082748i,0.0019712-0.082748i,-0.078519-0.091831i,-0.2124-0.03591i,-0.36277-0.041069i,-0.094047-0.0869i,0.53814-0.053881i,1.457-0.058655i,0.50065-0.054824i,0.73107-0.027926i,0.33932+0.0036162i,0.63364+0.022678i,-1.229-0.013602i,-1.0455+0.0035938i,-0.64003-0.12104i,-0.38151-0.073844i,-0.79731+0.012236i,-0.88324-0.098067i,1.4063-0.090497i,-0.838-0.033572i,1.1293-0.062657i,2
-0.042175-0.029452i,-0.035141-0.28754i,0.096721+0.0458i,-0.16438-0.012953i,-0.23596-0.066938i,0.016565-0.14493i,0.091325+0.068766i,0.3236+0.024553i,-1.0173-0.096006i,0.010747-0.65655i,-0.16113-0.11278i,-0.36156-0.08129i,-0.30606-0.034811i,-0.10873+0.013947i,-0.108-0.13939i,0.1245-0.14274i,-0.054945+0.092265i,-1.1527+0.06497i,0.11937+0.059298i,-0.70497+0.016018i,-0.056925-0.11843i,0.19248+0.037998i,-0.85277-0.097521i,-0.338-0.40578i,-0.20973+0.023457i,0.1699+0.014838i,-0.19259+0.071142i,0.27685-0.0023902i,-0.22318-0.03426i,0.2753+0.037348i,0.20633+0.041321i,0.047473+0.034698i,0.10668+0.03653i,0.11226+0.068829i,-0.046254+0.079935i,0.1668+0.083715i,-0.081569+0.062521i,-0.59733+0.059283i,-0.79222+0.079047i,-0.36009+0.014112i,0.21691+0.062103i,-0.78501+0.081948i,-0.44751+0.070051i,-0.36648+0.06422i,-0.26544+0.069862i,0.43712+0.069862i,0.49948+0.072324i,0.89478+0.036023i,0.64338+0.039996i,0.2989+0.08269i,1.5642+0.051101i,1.6327+0.049376i,0.62363+0.050592i,1.0608+0.022382i,1.2573+0.01523i,1.0852+0.01267i,-0.66456+0.038148i,-0.56778+0.024902i,0.14255+0.10078i,-1.0278+0.063188i,-0.20843-0.0010658i,-1.1833+0.098765i,0.9786+0.065825i,-0.56677+0.031955i,0.61414+0.060435i,2
0.40648-0.66027i,0.40131-0.35339i,0.39199-0.52816i,0.24983-0.26507i,0.37086-0.50119i,0.40173-0.55453i,0.3495-0.25742i,0.5492-0.15465i,-0.28043-0.37679i,0.16824+0.12051i,0.0089749+0.15208i,0.039076+0.037025i,0.20844+0.078364i,0.0050944-0.021821i,-0.16343-0.030167i,0.13809-0.016293i,-0.12866+0.048825i,-0.47867-0.12277i,0.19056+0.079203i,-0.48006+0.06273i,-0.40389+0.14881i,-0.004982+0.078672i,-0.85841-0.036029i,0.18759+0.080392i,-0.26799+0.07547i,0.0020415+0.071753i,-0.74156+0.11892i,-0.39613+0.034282i,-0.50426+0.13314i,0.25877+0.092725i,0.46637+0.09857i,-0.088143+0.08883i,-0.25133+0.091246i,0.38118+0.13847i,0.029803+0.11732i,0.14245+0.15599i,0.47615+0.12482i,-1.261+0.074178i,-1.7559+0.0074671i,0.42097+0.058229i,-0.24558+0.12863i,-0.4303+0.14817i,-0.3947+0.14032i,-0.37856+0.12238i,-0.211+0.13028i,-0.55714+0.13028i,-0.09074+0.12413i,0.63223+0.090778i,0.31321+0.096623i,0.30429+0.10507i,0.71236+0.11268i,0.64106+0.051296i,0.22892+0.11221i,0.3464+0.006944i,0.56413+0.01074i,0.35478-0.043034i,0.045313-0.0050084i,0.5912-0.024491i,-0.057077-0.045827i,-0.092093-0.10084i,-1.0336+0.03623i,-0.56331+0.043606i,0.78296+0.08693i,-0.27298+0.079913i,0.63034-0.027492i,2
-0.16856+0.087004i,-0.072176-0.010709i,-0.054448+0.068988i,-0.02417-0.12608i,-0.040264-0.079376i,-0.16245+0.017723i,-0.13253+0.12209i,-0.74759-0.097544i,0.066619-0.1215i,-0.11536+0.088362i,-0.022132+0.24372i,-0.10609+0.27369i,-0.21041+0.26959i,-0.63989+0.07743i,-0.031298+0.07512i,-0.56513+0.055695i,0.33738+0.068036i,-0.044011+0.097741i,-0.1293+0.1052i,0.22313+0.024134i,0.030123+0.11348i,0.025602+0.066719i,0.2534-0.16799i,-0.018519-0.053787i,0.064301+0.012428i,0.078647+0.061123i,0.26737+0.043177i,0.0091841+0.0033565i,0.60332+0.10582i,0.043509-0.020325i,0.13174-0.022693i,0.68676-0.018747i,-0.1608-0.020468i,0.55674-0.04035i,0.11464-0.01485i,0.38021-0.055707i,0.53882-0.043075i,-0.076121+0.023757i,-0.14709-0.093996i,0.017678-0.0069496i,0.3199-0.036503i,-0.018896+0.01097i,0.70238-0.041238i,-0.44558+0.022167i,0.33045-0.056941i,-0.38763-0.056941i,0.15939-0.07422i,0.003892-0.019537i,-0.21633-0.021906i,-0.25923-0.090574i,-0.089385-0.029153i,-0.64739-0.03315i,-0.18373-0.028219i,0.28098-0.024178i,-0.015442-0.042461i,0.43368-0.077515i,-0.45321-0.09144i,-0.16122-0.083544i,0.61459-0.088227i,0.57316-0.065189i,-0.64114+0.0025686i,-0.51214-0.12929i,0.19267-0.022812i,0.21931-0.025019i,-0.56009-0.0079034i,3
-0.14814+0.091987i,-0.027805-0.005295i,-0.04761+0.10787i,0.064114-0.031895i,0.014911-0.070139i,-0.13613-0.084754i,-0.12859+0.015697i,-0.68296-0.14986i,0.01511-0.23088i,-0.071787+0.017921i,0.01583+0.12808i,-0.1488+0.088568i,-0.068505+0.092844i,-0.43273-0.028626i,-0.0029161+0.019789i,-0.56309-0.024871i,0.11859+0.00041182i,0.16132-0.051728i,-0.32701+0.051521i,0.22082+0.029552i,0.0025474+0.087446i,-0.011078+0.047682i,0.5142-0.053035i,0.25928-0.026485i,0.39558+0.021596i,-0.059407+0.058437i,0.23182+0.038667i,-0.1375+0.014156i,0.26099+0.084722i,1.1166+0.016849i,0.55265+0.017118i,0.1326+0.016669i,0.60871+0.022053i,0.77986+0.029498i,0.27183-0.0024361i,0.409+0.0069266i,0.37764+0.0054914i,-0.11839+0.0084748i,-0.10864-0.045505i,0.51231+0.020627i,0.27369+0.028949i,0.3793+0.040963i,-0.23917+0.029488i,-0.71951+0.034504i,-0.35447+0.0031628i,-0.27262+0.0031628i,0.060653-0.022981i,-0.057591+0.016758i,-0.31135+0.017027i,-0.40851-0.027446i,-0.090858+0.02304i,-0.77204-0.0012116i,-0.39821+0.017745i,0.19457-0.021361i,0.021539-0.018858i,0.32339-0.042722i,-0.47861-0.051517i,-0.17724-0.052413i,0.49907-0.07761i,0.34349-0.085414i,-0.57261+0.014247i,-0.83949-0.092352i,0.33654-0.0058219i,0.16807+0.0033276i,-0.72334-0.06783i,3
-0.1507-0.142i,-0.12933-0.22023i,-0.018894-0.052151i,-0.037899+0.03399i,-0.034091-0.20932i,-0.11666-0.13033i,-0.050637+0.022435i,-0.26886-0.026457i,-0.026907-0.22615i,-0.3488-0.10632i,-0.2961+0.22674i,-0.022761+0.14399i,-0.66087+0.10049i,-1.0645+0.11897i,-0.32776-0.023143i,-0.81796-0.018427i,0.082018+0.21664i,-0.11893+0.18732i,-0.46397+0.10179i,0.11514+0.14755i,-0.92679+0.080373i,-0.79832+0.046266i,-0.88321-0.11532i,-1.1025-0.068159i,-0.93419+0.030642i,-0.23451+0.031105i,-0.94078+0.038739i,-0.49991+0.00378i,-0.94779+0.070943i,1.1977-0.0040678i,0.95708-0.0048527i,0.64668-0.0035444i,1.0361-0.0046605i,1.0491-0.011792i,0.54579+0.032743i,1.029-0.0062648i,0.71347-0.0020793i,0.68079+0.024898i,-0.21087-0.0284i,0.41677-0.00011275i,0.50328-0.010585i,1.2485+0.013175i,-0.049661-0.012155i,0.52957+0.017429i,0.38173+0.0015623i,0.75387+0.0015623i,0.20966+0.014755i,-0.019683-0.0038055i,0.044625-0.0045912i,-0.092094-0.026565i,0.0037244-0.0075382i,-0.54181-0.013849i,0.32135-0.0066836i,0.20875-0.00080424i,-0.048757-0.020081i,0.41621-0.041466i,-0.30991-0.04499i,-0.049139-0.042373i,0.21469-0.059244i,0.55833-0.051065i,-0.54691+0.0035188i,0.014395+0.0099465i,0.54526+0.0066556i,0.21149+0.0038372i,-0.5427+0.017705i,3
-0.017265-0.28416i,0.12026-0.29463i,0.15068-0.23624i,0.0053895-0.077892i,-0.043143-0.28614i,0.016659-0.32499i,-0.047046-0.035113i,-0.31962-0.1946i,0.29008-0.39796i,0.17723-0.072003i,0.043151+0.31546i,0.17697+0.18839i,0.015352+0.044046i,-0.34087+0.10003i,0.24661+0.042122i,-0.25715+0.10968i,0.6248+0.21918i,0.40251+0.10012i,0.10055+0.14152i,0.23996+0.196i,0.12263+0.13311i,0.22376+0.064804i,0.42829-0.071216i,0.10624-0.073009i,0.49887+0.060943i,0.21796+0.061317i,0.662+0.063365i,0.10642+0.015396i,0.36469+0.11554i,-1.3056+0.037056i,-0.83908+0.039222i,-1.4512+0.035613i,-1.1838+0.032231i,-1.6525+0.045455i,0.43428-0.024058i,-0.79711+0.043394i,-0.77287+0.031842i,-0.71586+0.057846i,-0.10809+0.016058i,-0.28365+0.020058i,-0.07409+0.041745i,0.30194+0.038521i,-0.23827+0.046077i,-0.03007+0.033239i,-0.14537+0.0080095i,0.50605+0.0080095i,-0.80509-0.028613i,0.51169+0.036334i,0.34985+0.0385i,0.40245+0.010796i,0.14051+0.040174i,-0.34461+0.017335i,0.39908+0.044276i,0.35398-0.011937i,-0.18702-0.0069929i,0.29092-0.049141i,0.16879-0.026495i,0.44139-0.033715i,0.99685-0.075867i,0.74722-0.091979i,-0.27575+0.016119i,0.092111+0.02396i,0.33045+0.033787i,0.60244+0.015135i,-0.17596-0.085083i,3
0.025696-0.26348i,0.15777-0.28301i,0.13043-0.2687i,0.094221-0.14851i,0.11741-0.081684i,-0.0095542+0.28758i,-0.0061328-0.027714i,-0.64842+0.19729i,0.28188+0.51513i,0.041317+0.009235i,0.045907-0.75095i,-0.11411-0.57127i,-0.2021-0.31803i,-0.65016-0.36641i,-0.16953-0.42435i,-0.89855-0.4075i,0.49079-0.49934i,0.38831-0.45634i,-0.30173-0.24427i,0.52221-0.43378i,0.17966-0.21344i,0.11952-0.084871i,0.55252-0.11541i,0.070139+0.057197i,0.17952-0.024855i,0.23441-0.072342i,0.53774-0.015098i,0.12704+0.032944i,0.45841-0.17822i,-0.22741+0.093629i,-0.23373+0.099699i,-0.57912+0.089585i,-0.34059+0.090476i,-0.459+0.1379i,-0.21435+0.2564i,-0.40001+0.20987i,-0.23907+0.1775i,-0.39334+0.028654i,-0.31373+0.094161i,0.173+0.056187i,-0.61478+0.12768i,-0.079929+0.16289i,-0.68447+0.13982i,-0.14885+0.13772i,-0.63414+0.23049i,-0.27633+0.23049i,-0.49494+0.3252i,0.58073+0.09161i,0.57808+0.097677i,0.17019+0.24588i,0.79857+0.11273i,-0.66362+0.092071i,0.34873+0.11386i,0.33481+0.098182i,0.51152+0.097376i,0.68219+0.12718i,0.2225+0.1699i,0.27022+0.14967i,1.0545+0.2249i,0.7597+0.16939i,-0.81538+0.034966i,-0.45711+0.20543i,-0.062981+0.073306i,0.60197+0.13087i,-0.50861+0.22691i,3
0.20804-1.1811i,0.22023-1.1812i,0.17607-1.0217i,0.12742-0.7772i,0.11486-1.0104i,0.21845-0.34723i,0.13871-0.11361i,-0.054168-0.07915i,-0.29491+0.069077i,0.28008-0.17438i,0.34486+0.18055i,-0.28852+0.32428i,-0.051453+0.18823i,0.15268+0.32773i,-0.34826+0.090033i,-0.59577+0.09562i,-0.19053+0.20708i,-0.28513+0.26111i,0.19133+0.33094i,-0.24129-0.17816i,0.047095+0.2206i,0.10867+0.12521i,0.017189-0.53648i,-0.17455-0.13315i,0.4105+0.053357i,0.058563+0.047042i,-0.046019+0.14747i,0.049674-0.018314i,0.050475+0.17665i,0.27946+0.043757i,0.2073+0.049966i,0.36718+0.039621i,0.30466+0.044727i,0.35664+0.097429i,0.0051863+0.15652i,-0.12183+0.11486i,0.23497+0.081754i,-0.20976+0.18494i,-0.60871+0.30535i,-0.52496+0.009655i,0.21369+0.086984i,-0.20217+0.16735i,0.13744+0.099394i,0.14249+0.13741i,0.3574+0.096561i,0.048585+0.096561i,0.4572+0.097858i,0.2437+0.041693i,0.15455+0.047897i,0.453+0.14059i,0.64265+0.067489i,-0.94847+0.14133i,-0.28901+0.064451i,-0.25012+0.095594i,1.2387+0.036485i,-0.033079+0.064256i,0.38781+0.09956i,0.15106+0.078868i,0.22171+0.21903i,-1.0738+0.15805i,-0.44149-0.016245i,-0.20731+0.33703i,-1.1161+0.16575i,0.20735+0.034064i,-1.1303+0.22059i,3
-0.073447-0.031975i,-0.015363-0.057123i,-0.090048+0.022947i,0.27482-0.088559i,0.26449+0.014193i,-0.064464+0.020629i,-0.11299-0.1457i,-0.93463-0.001351i,-0.1524+0.17325i,-0.051403-0.047045i,0.35792-0.039294i,-0.12184+0.046097i,-0.14369-0.16496i,-0.1429+0.1186i,0.23539+0.15934i,-0.88528+0.19719i,0.88262+0.060252i,1.1361+0.11616i,0.71978+0.054898i,0.57949-0.035764i,0.5811+0.013685i,0.37501-0.038081i,0.096448+0.0011691i,-0.56116+0.077058i,0.43391-0.032026i,0.36818-0.0509i,0.38463-0.058409i,-0.4659-0.039008i,-0.032066-0.026346i,-0.181-0.035203i,-0.088118-0.034822i,0.068985-0.035457i,-0.27078-0.033971i,0.095441-0.029564i,0.13199-0.13823i,0.26241-0.055936i,0.40419-0.057966i,-0.086564+0.0035942i,0.63438+0.20468i,0.31748-0.036024i,0.37816-0.0303i,-0.032279-0.083253i,0.53348-0.02954i,0.18756-0.086264i,0.32764-0.080086i,0.3634-0.080086i,-0.037136-0.13038i,-0.21113-0.035329i,-0.24755-0.03495i,0.04503+0.0068751i,-0.69759-0.032575i,-1.3094+0.046607i,-0.0070092-0.033934i,0.041044+0.017535i,-0.6832+0.025678i,-0.2194+0.091054i,-0.37272+0.090873i,-0.50171+0.089604i,-0.23754+0.13823i,-0.19822+0.13331i,-0.21919-0.038882i,0.8995+0.13869i,-0.40412+0.034633i,0.2606-0.060985i,-1.789-0.026511i,3
0.041637-0.17353i,0.056598-0.27522i,0.081958-0.1743i,0.026716-0.11237i,0.079233-0.15069i,0.036583-0.21672i,0.057285+0.060336i,-0.306-0.13364i,-0.29203-0.093084i,-0.10842-0.25949i,-0.021932-0.0045212i,-0.074991+0.018234i,-0.24388-0.046117i,-0.54804+0.17463i,0.10476+0.11918i,-0.54364+0.11231i,0.098269+0.10912i,-0.021187+0.078209i,-0.32122+0.11282i,0.022145+0.018121i,-0.43623+0.045915i,-0.50402+0.050983i,-0.38219+0.014698i,-0.71074-0.11661i,-0.090911+0.027063i,-0.18944-0.0042729i,-0.18324+0.061871i,0.38761-0.0099129i,0.053981+0.037646i,-0.066946+0.01496i,0.32579+0.017447i,-0.027501+0.013301i,0.00078161+0.017508i,0.18641+0.040784i,0.91501-0.048262i,0.38651+0.017072i,-0.24338+0.0038057i,0.34045+0.031207i,0.49757+0.16084i,0.96261+0.0035148i,0.057067+0.036537i,0.57673-0.012897i,0.44453+0.041513i,0.11432-0.027052i,-0.03061-0.012504i,0.33309-0.012504i,0.75671-0.064862i,-0.11518+0.014131i,-0.072223+0.016618i,0.1624+0.03604i,0.0044608+0.026629i,-0.34157+0.069301i,0.10168+0.02325i,0.26012+0.022432i,0.0066425+0.020762i,0.53825+0.044926i,-0.35899+0.054754i,-0.3541+0.046463i,-0.34952+0.069986i,-0.095749+0.043393i,-0.57595-0.0090848i,0.055822+0.089785i,0.42931-0.026623i,0.10288-0.015365i,-0.9961-0.018482i,3
0.21681+0.86654i,0.16431+0.89971i,0.059412+0.91773i,0.18374+0.63814i,0.26497+0.78505i,0.15611+0.618i,0.12509-0.037292i,0.14689+0.22821i,-0.15495+0.2738i,0.18236+0.30864i,0.29471-0.12042i,0.23671-0.18869i,0.25336-0.14117i,0.40973-0.15394i,0.40618+0.0060949i,-0.059966+0.015437i,0.099046-0.15252i,0.43215+0.0032321i,0.30706-0.26338i,0.1241+0.086527i,0.78052-0.18843i,0.63763-0.14231i,0.77376+0.23332i,0.023921+0.34667i,0.16356-0.071152i,0.44064-0.085513i,0.55458-0.17337i,0.34666-0.012726i,0.74355-0.17483i,0.28286-0.098828i,0.24837-0.10744i,0.35158-0.093089i,0.11851-0.10195i,0.69977-0.17683i,0.78447-0.23522i,-0.18753-0.19895i,-0.081131-0.15303i,1.0788-0.16656i,0.46163-0.1603i,0.30299-0.053061i,-0.37143-0.16258i,-0.057423-0.26951i,-0.14953-0.1798i,0.3915-0.22621i,0.07392-0.17933i,-0.18454-0.17933i,0.55737-0.18461i,-0.94828-0.095959i,-1.0615-0.10457i,-0.47294-0.15607i,-1.2574-0.13353i,-1.6683-0.12956i,-1.2773-0.12753i,-0.53629-0.065833i,-0.65579-0.009929i,-1.301+0.026799i,-0.7981-0.01861i,0.1982+0.01009i,-0.34218-0.07678i,-0.57254+0.009573i,-0.027398-0.015597i,0.77105-0.19004i,-1.1519-0.099955i,-0.24037-0.087115i,-1.2908-0.13013i,3
-0.0047642+0.27363i,-0.1293+0.16224i,-0.1758-0.12396i,-0.065314-0.078029i,-0.074209+0.1964i,-0.021341-0.075118i,-0.026784+0.30778i,-0.17299-0.40763i,-0.56518-0.18914i,0.040281+0.057881i,-0.12399-0.27405i,-0.36201-0.31696i,-0.061697-0.021937i,0.16968-0.10418i,-0.23356+0.028634i,-0.6948-0.060623i,-0.041314-0.34836i,-0.049034-0.50507i,0.58706-0.069065i,-0.19532-0.14403i,0.47638+0.025063i,0.18473+0.094926i,0.20066+0.27488i,-0.18946-0.12365i,0.20306+0.068271i,0.025053+0.035891i,0.19999+0.15082i,0.10194+0.056141i,0.21624+0.046998i,0.082189+0.10093i,0.21349+0.10541i,0.3223+0.097946i,0.42916+0.10703i,0.2385+0.15046i,0.22147+0.022699i,0.4284+0.11731i,0.19186+0.093416i,0.83773-0.030306i,0.50021-0.05093i,-0.59219+0.081752i,0.24967+0.14289i,0.59771+0.056479i,0.31599+0.15186i,1.3299+0.029484i,0.31654+0.07988i,0.84194+0.07988i,0.22391+0.010903i,0.21262+0.099435i,0.37802+0.10392i,0.49259+0.057136i,-0.51045+0.12346i,-2.0344+0.062179i,-0.32599+0.11586i,-1.4631-0.011161i,-1.2589+0.016974i,-2.1934-0.030891i,0.56714-0.01622i,0.79089-0.03115i,0.081971-0.14058i,-0.58081-0.18997i,0.11986+0.057633i,2.0739-0.19266i,-1.983-0.23256i,0.49982+0.058975i,-0.83376-0.13521i,3
0.12451+0.19839i,0.11092+0.35565i,0.082879+0.061805i,0.13039+0.096409i,0.22149+0.33706i,0.11043-0.032391i,0.062725-0.068865i,-0.082876-0.047638i,0.56741+0.027731i,0.0012514+0.064248i,0.31847+0.13503i,0.32507+0.073014i,0.0945-0.076605i,0.26684-0.064511i,-0.26081+0.16532i,-0.39366+0.16203i,0.058311+0.10214i,0.75426+0.076049i,-0.15534-0.03456i,0.27654+0.1656i,0.191-0.034795i,0.035521-0.064337i,-0.041968+0.29096i,-0.21771-0.01734i,-0.50579-0.040228i,-0.054651-0.0020257i,-0.44842-0.094858i,-0.37025-0.030039i,-0.29259-0.028248i,-0.38013-0.04114i,-0.095054-0.042251i,-0.042459-0.040401i,-0.070848-0.036541i,-0.57124-0.041194i,-0.21513-0.14062i,-0.55983-0.071975i,-0.60101-0.066054i,0.2626-0.045871i,0.64129-0.0022013i,0.22285-0.030149i,-0.37751-0.039445i,-0.13795-0.066448i,-0.40608-0.041663i,-0.14861-0.065865i,-0.38235-0.077631i,0.13069-0.077631i,-0.51653-0.11433i,0.46892-0.040772i,0.29601-0.041881i,-0.043949-0.059759i,1.1257-0.040611i,-0.99627-0.040561i,-0.75094-0.044842i,-0.45211-0.055275i,1.1997-0.022903i,-0.12697-0.0013861i,0.21392-0.017246i,0.59523-0.013546i,1.4787+0.0003769i,0.11246+0.0065102i,-0.27591-0.030409i,0.016717-0.043807i,-0.9295+0.018371i,0.45265-0.057644i,-0.045492-0.1482i,3
-0.0808+0.2483i,-0.097952+0.43466i,-0.030755+0.26663i,-0.15483+0.41045i,-0.2139+0.34717i,-0.02793+0.15928i,-0.028808-0.25152i,-0.56841+0.22245i,-0.72414+0.1325i,0.0052943+0.044007i,-0.23787-0.26626i,-0.69328-0.31895i,-0.58559-0.12937i,-0.63774-0.30053i,-0.25832-0.18047i,-1.1453-0.28273i,-0.06215-0.11242i,-0.25498-0.10905i,0.01807-0.23379i,-0.64204+0.023358i,-0.4587-0.18352i,-0.33114-0.10692i,-0.69958+0.3026i,-0.88449+0.10156i,-0.0041391-0.059534i,-0.52326-0.039777i,-0.35217-0.095362i,-0.14268-0.0067902i,-0.069234-0.13523i,0.5604-0.015555i,0.87828-0.016431i,0.78982-0.01497i,0.71131-0.0055036i,1.0091-0.0027552i,0.52832+0.095794i,1.093+0.013072i,1.0811+0.017747i,0.23511-0.089149i,0.069106-0.1151i,-0.035355-0.00043743i,1.0652-0.0013956i,0.99037+0.018619i,0.82954-0.0031498i,0.36367+0.012656i,1.1485+0.074355i,0.86652+0.074355i,0.81958+0.15127i,0.20743-0.015262i,0.31677-0.016138i,0.50599+0.015551i,0.031147-0.0087178i,-1.3631-0.057148i,0.72013-0.018476i,-0.090036-0.022211i,-0.044142-0.0083004i,-0.046045+0.014382i,0.11927-0.010978i,-0.78945-0.0080572i,-0.91861+0.025124i,-0.7253+0.023547i,0.029426-0.0070828i,0.6232-0.047343i,-0.26729+0.021001i,0.34922+0.024366i,-1.7753+0.021558i,3
0.35829-0.43661i,0.29723-0.061118i,0.23253-0.38717i,0.074857-0.18166i,0.17636-0.27871i,0.2852-0.61125i,0.24074-0.19516i,-0.60246+0.083038i,-0.39069-0.21878i,0.2094-0.10789i,0.044196+0.019862i,-0.64413-0.071304i,-0.34509-0.096025i,-0.1728-0.00032031i,-0.30095+0.086169i,-1.1118+0.099649i,-0.10426-0.036242i,-0.23161-0.20941i,0.1506+0.0071929i,0.17773-0.034876i,-0.13912-0.01297i,-0.023221-0.0005439i,-0.12465+0.22231i,-0.77859+0.0069765i,0.20065+0.025764i,0.1462+0.0068592i,0.024789+0.0302i,0.15002+0.0038646i,-0.19062+0.00063846i,0.092443+0.059453i,-0.35347+0.065012i,0.53875+0.055748i,0.1754+0.061319i,0.33685+0.10951i,-0.23586+0.086701i,0.25804+0.12712i,0.47121+0.097467i,-0.23729+0.033398i,-0.51493+0.075856i,-0.59722+0.02992i,0.59531+0.10014i,-0.042085+0.10128i,0.80578+0.11126i,0.52079+0.073472i,0.83629+0.11667i,0.065607+0.11667i,0.46359+0.12579i,0.37053+0.057599i,0.22186+0.063161i,1.0304+0.11575i,-0.43168+0.081703i,-1.1621+0.049882i,0.22797+0.077983i,0.44159+0.01191i,-0.29895+0.018538i,-0.23291+0.011003i,0.49765+0.040627i,0.21426+0.022096i,-0.21545+0.010763i,-1.0352-0.044834i,1.1204+0.0057172i,0.93687+0.12364i,-1.3357+0.11976i,0.4978+0.054748i,-1.6354-0.019334i,3
0.17005+0.35619i,0.10007+0.37136i,0.11647+0.25545i,-0.14775-0.22517i,-0.11365+0.078395i,0.15345-0.0075826i,0.15397+0.14458i,-0.61484-0.025967i,-0.64411-0.12244i,0.16571+0.24792i,0.018126+0.31065i,-0.63704+0.27132i,-0.4469+0.073074i,-0.16086+0.067038i,-0.026556+0.23083i,-0.88378+0.34541i,0.081807-0.18537i,0.51578-0.22432i,0.25844+0.051807i,-0.32914-0.11329i,0.60397+0.072128i,0.43704+0.0093353i,-0.024007-0.076206i,-0.52084+0.063665i,0.30246+0.012006i,0.24416+0.03812i,0.206-0.030203i,-0.090714+0.010338i,0.43838+0.049165i,0.36904-0.0098823i,0.42939-0.011905i,0.57533-0.0085352i,0.91709-0.019249i,0.74914-0.045473i,0.21609-0.15035i,0.44987-0.0618i,0.45306-0.051014i,0.60346+0.0049858i,0.7052-0.076738i,0.4251-0.0076904i,0.17064-0.042203i,-0.031841-0.053567i,0.036549-0.046242i,0.44097-0.034759i,0.37527-0.1031i,0.44084-0.1031i,0.62489-0.16129i,-0.078401-0.0092126i,0.13734-0.011232i,0.097353-0.087362i,-0.1553-0.026664i,-1.3726-0.037334i,0.31244-0.016624i,-0.27883-0.042135i,-0.17416-0.024559i,-0.30623-0.068754i,-0.049858-0.062155i,-0.69721-0.055412i,-1.4758-0.19189i,-1.2947-0.16297i,0.36697+0.0096655i,0.68353-0.11943i,-1.0601+0.023317i,-0.068804-0.035612i,-1.8614-0.14798i,3
0.33648-0.14031i,0.2874+0.05799i,0.16049-0.086886i,0.23276+0.31118i,0.33061+0.019549i,0.28911+0.32143i,0.17704-0.1607i,-0.64897+0.42246i,0.15761+0.29708i,0.21147-0.030851i,0.3113+0.11033i,-0.12909+0.13428i,-0.0015953+0.30165i,0.43979+0.11432i,0.23216-0.12119i,-0.041394-0.23357i,-0.18026+0.29733i,0.81788+0.48082i,-0.12658-0.011285i,0.018957+0.11236i,0.42981-0.081224i,0.32266-0.030068i,0.42534-0.041875i,-0.33524-0.065664i,0.13696-0.064753i,0.013253-0.036346i,0.14759-0.050245i,-0.046203-0.043438i,0.14345-0.052128i,-0.10992-0.10836i,-0.02545-0.11485i,0.26598-0.10403i,0.38613-0.10209i,-0.038747-0.14991i,-0.42205+0.201i,-0.31297-0.10502i,-0.25039-0.070392i,0.19462-0.038519i,0.62957-0.18161i,0.121-0.065199i,-0.24685-0.13919i,-0.75918+0.00056578i,-0.29681-0.15218i,0.20204+0.024584i,-0.38328+0.0057835i,-0.06255+0.0057835i,-0.38326+0.15941i,0.41965-0.10619i,0.28234-0.11268i,0.42813-0.10752i,-0.40909-0.12589i,-0.52319-0.11692i,-0.35058-0.12999i,-0.045592+0.0013328i,-0.54359-0.076136i,-0.48809-0.066i,0.1947-0.11749i,0.47558-0.095853i,-0.34173+0.0030787i,-1.2885+0.059561i,1.2244-0.045601i,0.81408-0.014753i,-1.0833+0.011226i,-0.21612-0.020721i,-1.1696+0.26452i,3
0.13645+0.48093i,0.13658+0.60494i,0.047307+0.33125i,0.21333+0.17233i,0.22347+0.56963i,0.11338+0.40849i,0.059496+0.19331i,-0.38309+0.14004i,-0.65347+0.39714i,0.17643+0.26948i,0.22571-0.057737i,0.03698+0.027649i,-0.16323+0.1684i,-0.021295-0.061212i,0.3964+0.043749i,-0.63426-0.014385i,-0.1355-0.050502i,0.31256+0.10382i,0.27247-0.13357i,0.22902+0.022142i,0.18435-0.099081i,0.30401-0.056234i,-0.36586+0.15265i,-0.93778+0.052683i,-0.0036512-0.070325i,0.23369-0.03554i,-0.025415-0.08409i,0.090592-0.021167i,-0.29357-0.079491i,-0.40282-0.090583i,-0.68464-0.097525i,-0.69083-0.085956i,-0.60478-0.089335i,-0.91645-0.14593i,0.15899-0.071067i,-0.27277-0.15772i,-0.93102-0.1207i,-0.037945-0.094537i,0.48174-0.18531i,0.27939-0.0499i,-0.41067-0.13447i,0.55889-0.12191i,-0.050694-0.14835i,0.87183-0.090766i,-0.25422-0.12086i,0.44067-0.12086i,-0.10258-0.097993i,0.33331-0.08827i,0.62157-0.09521i,1.2594-0.15193i,0.479-0.11479i,-0.66989-0.10753i,0.77857-0.11372i,0.10071-0.046339i,0.193-0.047666i,0.068754-0.039275i,0.4577-0.083421i,0.043117-0.060282i,-0.112-0.038182i,-0.61037+0.027674i,0.57562-0.02348i,1.1407-0.21193i,-0.86184-0.10214i,0.53708-0.067583i,-1.5415+0.012597i,3
0.20336+0.30471i,0.12315+0.28974i,0.03795+0.16955i,0.038419-0.040129i,0.14781+0.47549i,0.13106+0.4786i,0.11711+0.23085i,-0.64364+0.034879i,-0.70161+0.56694i,0.045061+0.2211i,0.023914-0.18982i,-0.51615+0.013846i,-0.51721-0.079933i,-0.12191-0.025554i,0.10946+0.060838i,-0.77657+0.15128i,-0.21759-0.11534i,-0.23244+0.060762i,0.19349-0.090095i,-0.12033-0.083932i,-0.082958-0.093077i,-0.095594-0.080811i,-0.30607-0.0077527i,-0.91568+0.071449i,-0.56707-0.067686i,-0.084988-0.069848i,-0.30855-0.11164i,0.14568-0.023483i,-0.20571-0.11029i,0.38622-0.062838i,0.68287-0.066774i,0.36899-0.060215i,0.47414-0.072129i,0.35424-0.11421i,0.43427-0.18279i,0.64799-0.12585i,0.68599-0.10486i,0.34345-0.036859i,0.15942+0.033066i,-0.38239-0.049727i,1.1187-0.10776i,0.88238-0.14589i,0.67495-0.11563i,0.39385-0.11824i,1.026-0.15002i,0.95457-0.15002i,0.32179-0.18703i,0.15304-0.061526i,0.11398-0.065461i,0.77394-0.067825i,-0.65228-0.08656i,-1.2675-0.021058i,0.31322-0.075954i,-0.073579-0.0013129i,-0.55762+0.016272i,-0.61068+0.05581i,0.062255+0.05078i,-0.37143+0.063898i,-0.81503+0.10754i,-1.1263+0.15487i,0.99393-0.024796i,0.98397-0.034809i,-0.76429-0.051146i,0.3405-0.074786i,-1.9258-0.006786i,3
0.25657-0.025793i,0.34204+0.17281i,0.18791-0.12948i,0.28948+0.11369i,0.32647+0.16164i,0.18763-0.17485i,0.11609+0.067099i,-0.74782-0.11259i,0.42306-0.10529i,0.27564+0.004884i,0.3506+0.25319i,-0.1177+0.17998i,-0.04104+0.18064i,0.16248+0.2222i,-0.070223+0.25837i,-0.34203+0.20976i,0.2645+0.28968i,0.56173+0.29136i,-0.42834+0.081131i,0.32333+0.26517i,0.41462+0.058702i,0.37727+0.045078i,0.8685+0.25763i,0.030995-0.044186i,0.1902+0.010409i,0.11269+0.0058843i,0.84579+0.034383i,0.73418-0.023469i,0.49717+0.056704i,-0.26624-0.051394i,-0.48766-0.054187i,-0.64013-0.049533i,-0.76172-0.048273i,-0.60015-0.068424i,-1.0558-0.12835i,-1.0517-0.10746i,-0.42859-0.092571i,-0.42767-0.039411i,-0.37346-0.033778i,-0.32977-0.032348i,-1.1673-0.063871i,-1.0717-0.11649i,-1.0573-0.069454i,-0.13659-0.10657i,-0.97733-0.11664i,-1.02-0.11664i,-0.83411-0.16568i,0.3605-0.050464i,0.58802-0.053255i,1.0936-0.11417i,0.83993-0.058512i,0.23408-0.040234i,0.58579-0.060702i,0.83604-0.047301i,1.3459-0.043106i,1.1488-0.04347i,0.099166-0.066466i,-0.29426-0.057158i,0.26576-0.060874i,-0.21889-0.036999i,0.44519-0.0244i,-0.23809-0.11078i,-0.2921-0.11056i,0.43074-0.071264i,-0.93469-0.093942i,3
0.085438-0.40702i,0.13304-0.10018i,-0.024274-0.19779i,0.016298+0.0014193i,0.047315-0.39387i,-0.014322-0.39982i,0.016464-0.30724i,-0.31462+0.3972i,0.48707-0.075607i,-0.03612-0.069592i,-0.45508+0.23882i,-0.084875+0.26956i,0.35131+0.16863i,-0.33137+0.20904i,0.42217+0.10462i,0.13446+0.072916i,-0.36802+0.32365i,-0.90687+0.33621i,-0.2717+0.10265i,0.42594+0.063302i,0.29712+0.044859i,0.59012-0.025632i,0.84435+0.048138i,0.21861+0.089392i,0.37349-0.051452i,0.9651-0.028601i,1.0104-0.058676i,0.77462-0.053285i,0.34633+0.011811i,-0.043789-0.077424i,0.18304-0.079839i,-0.12019-0.075815i,-0.045215-0.072084i,0.022724-0.086859i,0.21342+0.14801i,-0.32658-0.052517i,0.0054954-0.039643i,-0.36156+0.020986i,-0.599+0.0026847i,0.030695-0.058305i,-0.32517-0.082936i,-0.21904+0.04309i,-0.45637-0.087765i,-0.90468+0.049014i,-0.73257+0.018174i,-0.94347+0.018174i,-0.28758+0.1225i,0.92168-0.076618i,0.56487-0.079033i,-0.52648-0.038343i,0.47712-0.080935i,0.2165-0.041844i,-0.4677-0.08547i,-0.0040321+0.022783i,0.5742-0.050274i,0.25686-0.025318i,0.82822-0.050482i,0.59757-0.042436i,0.78812+0.053372i,-0.30033+0.071367i,-0.50479-0.054089i,-1.4972+0.14135i,0.49366+0.13124i,-2.4224-0.021237i,0.18171+0.20304i,4
-0.040629-0.29364i,-0.26078-0.0088482i,0.073244-0.1816i,0.026742+0.12295i,0.10241-0.26061i,0.11424-0.22352i,0.10673-0.36956i,-0.34713+0.20791i,0.38089-0.15153i,-0.076094-0.022095i,0.17296+0.092678i,0.44133+0.12376i,0.28496+0.17866i,0.22252+0.10436i,-0.06928+0.12714i,0.0054227+0.10983i,-0.23995+0.10251i,-0.2932+0.12971i,-0.17522+0.039566i,0.48149-0.00027941i,0.0026715-0.0080314i,-0.55784+0.0099959i,0.078583+0.11086i,-0.17489+0.13414i,0.13943-0.010804i,-0.075393-0.0062841i,0.089705+0.020136i,-0.14131-0.023584i,0.10041+0.007215i,0.22173-0.025346i,0.2046-0.025522i,0.07523-0.025228i,-0.047317-0.026363i,0.020975-0.028848i,-0.12656+0.063966i,-0.050175-0.0096204i,0.036358-0.0086804i,0.40391+0.02004i,-0.43147-0.016223i,0.051847-0.025264i,-0.22874-0.028655i,-0.05644+0.017659i,-0.48482-0.029007i,-0.69746+0.019498i,-0.79462+0.0063537i,-0.7932+0.0063537i,-0.24198+0.041598i,1.2075-0.025288i,0.85458-0.025462i,-0.23536-0.0079236i,0.64055-0.027009i,0.41007-0.019579i,-0.58904-0.025932i,-0.19067+0.00045318i,0.85071-0.022608i,0.67864-0.022845i,0.6444-0.021868i,0.56402-0.02128i,0.95965+0.038766i,-0.44017+0.041488i,-0.17761-0.023642i,-1.2726+0.036023i,0.5246+0.052068i,-2.1423-0.0074295i,0.27937+0.094314i,4
0.2909+0.60181i,0.30204+0.14004i,0.17983+0.47212i,0.31448+0.70714i,0.35954+0.95011i,0.23355+0.45668i,0.14952+0.7711i,-0.13013-0.59637i,0.032725+0.1149i,0.31597+0.010296i,0.20409-0.45262i,-0.065844-0.38855i,0.35234-0.15235i,0.1889-0.35813i,0.31471-0.33542i,-0.039496-0.40221i,-0.11881+0.20792i,-0.68059+0.26433i,0.42213-0.23358i,0.41383+0.5482i,0.32619-0.081419i,0.29034-0.02248i,0.44667+0.30537i,0.043353-0.075178i,0.32944-0.011264i,0.43324-0.0067913i,0.41392-0.023348i,0.063793+0.045375i,0.19292-0.063955i,0.075998-0.004202i,0.33204-0.0091599i,0.40465-0.00089645i,0.57543-0.0023638i,0.58886-0.041836i,0.14119-0.23829i,0.22155-0.10906i,0.67637-0.082615i,-0.03927-0.12507i,-0.23531-0.11899i,-0.16394+0.025831i,0.30569-0.033673i,-0.27175-0.18121i,0.5295-0.043591i,-0.41573-0.15992i,0.024014-0.13782i,-0.68077-0.13782i,0.6298-0.23536i,0.20978-0.0025463i,0.15539-0.0075062i,-1.3883-0.10097i,0.068007-0.020542i,-0.95833-0.031747i,-0.33877-0.020727i,-0.39488-0.045902i,0.51996+0.030427i,-0.10584+0.042292i,-0.16932+0.0088695i,0.26877+0.025394i,-0.65535+0.096593i,-1.1821+0.14268i,0.57578+0.043722i,-1.4661-0.33177i,-0.45614-0.3437i,-2.231-0.044707i,-0.72918-0.19556i,4
0.05149-0.87549i,0.11388-0.6674i,-0.030873-0.73686i,0.32776-0.92704i,0.37081-0.97224i,0.00063439-0.93627i,-0.071729-0.36043i,-0.043779-0.033043i,0.43447-0.28744i,0.011232-0.080089i,0.17194-0.198i,0.27932+0.041189i,0.59329+0.011908i,0.17445-0.093467i,0.65313+0.19709i,0.48167+0.27246i,0.2445-0.39837i,-0.11758-0.54671i,0.13934+0.12535i,0.4588-0.52771i,0.38142+0.083686i,0.51289+0.068573i,0.79693-0.12357i,0.53706+0.12646i,0.43653+0.046678i,0.3157+0.061396i,0.69767+0.14236i,0.060866+0.011683i,0.52172+0.094272i,-0.0029394+0.14727i,-0.13616+0.16083i,0.073916+0.13823i,0.0271+0.14082i,-0.0019429+0.24735i,0.23651+0.14298i,0.24873+0.27575i,-0.20346+0.20343i,-0.24266+0.20516i,0.16207+0.31298i,-0.040904+0.064083i,0.32171+0.22465i,-0.20154+0.2789i,-0.11192+0.25177i,-0.68957+0.22209i,-0.67936+0.19213i,-0.17146+0.19213i,-0.051934+0.14155i,0.65315+0.14275i,0.31171+0.15631i,-1.1442+0.28927i,0.14877+0.19054i,-0.80351+0.19549i,-0.23033+0.19247i,-0.61509+0.077325i,0.17963+0.088579i,-1.1911+0.089289i,0.49309+0.18355i,0.14058+0.13836i,0.44254+0.2743i,-0.23921+0.14969i,-0.91946+0.016203i,-1.5399+0.29432i,-0.0066122+0.26488i,-2.123+0.099379i,-0.5968+0.096211i,4
0.16685+0.53966i,0.17478+0.57323i,0.067849+0.48235i,0.078235-0.51194i,0.25217+0.32165i,0.13047+0.026374i,-0.035914+0.40713i,0.54395+0.54223i,0.19885+0.51606i,0.019854+0.047895i,0.53423+0.19384i,0.61771+0.094272i,0.56506-0.049671i,0.81607+0.1221i,0.92098-0.068522i,1.1386-0.044484i,0.41642-0.045882i,0.9227-0.056474i,0.40456-0.034527i,0.27051-0.15625i,0.55021-0.067579i,0.36047-0.098873i,0.78914-0.16924i,0.52722-0.22985i,0.23054-0.068051i,0.28716-0.070253i,0.58669-0.15601i,0.16243-0.036962i,0.46263-0.097782i,-0.10089-0.0932i,-0.16246-0.098825i,-0.086387-0.089453i,-0.17955-0.09087i,0.055844-0.13541i,0.67283+0.11858i,-0.27896-0.08836i,-0.18659-0.058365i,0.5128-0.062142i,0.71379-0.13131i,0.61413-0.058901i,0.087558-0.12613i,-0.015935-0.025961i,-0.034328-0.13738i,-0.73445-0.0020468i,0.089778+0.003325i,-0.24804+0.003325i,0.27496+0.14028i,-0.88522-0.091325i,-0.73321-0.096949i,-2.8365-0.087646i,-0.81153-0.11149i,0.021956-0.10498i,-1.2904-0.11195i,-0.24578+0.0025086i,-0.74715-0.062392i,-0.39817-0.056916i,-1.0074-0.09532i,-1.1523-0.076575i,-0.53079-0.18564i,0.0047891-0.13361i,-1.4295-0.038836i,-1.5928+0.059573i,0.5855+0.10433i,-0.45521-0.015351i,0.34926+0.13098i,4
0.16991+0.77037i,0.20775+0.28693i,0.047907+0.5365i,0.14147+0.39591i,0.20868+0.78164i,0.09094+0.91315i,0.035685+0.51026i,-0.40288-0.36274i,0.41978+0.25902i,0.079401+0.11785i,0.069374-0.035393i,-0.064563-0.19607i,0.20893-0.2532i,-0.018945-0.17241i,0.0092603-0.21346i,-0.40252-0.18446i,-0.0056098-0.07355i,-0.43676-0.0019875i,-0.048438-0.13135i,0.014009+0.20943i,0.32801-0.05914i,0.17343-0.040706i,-0.11467-0.10541i,-0.37463-0.15037i,0.24282+0.013051i,-0.03108+0.0041847i,0.27615-0.072777i,0.063391+0.039639i,0.37172-0.052859i,-0.020386-0.0078892i,-0.30403-0.012642i,0.019248-0.0047211i,-0.30584-0.0087892i,0.025126-0.049294i,0.15305-0.23534i,0.030671-0.097752i,-0.1754-0.072403i,0.40645-0.10609i,-0.14686-0.10577i,-0.75323+0.018246i,-0.17538-0.041473i,-0.2857-0.172i,0.061942-0.050981i,-0.30562-0.14892i,-0.90834-0.12i,-0.51307-0.12i,-0.14314-0.1922i,1.051-0.0063042i,0.78191-0.011058i,0.2988-0.10297i,0.73977-0.026217i,0.20867-0.052495i,-0.45753-0.023732i,-0.91875-0.052739i,0.88936+0.012345i,0.70293+0.0054309i,0.83004-0.021286i,0.79856-0.0054434i,0.79916-0.1618i,-0.78651-0.11496i,0.38208+0.038054i,-0.48077-0.20828i,-0.69087-0.18385i,-1.5408-0.036065i,-0.52492-0.25265i,4
-0.12847-0.65833i,-0.076906-0.43211i,-0.19204-0.57404i,-0.18463-0.39679i,-0.18522-0.55001i,-0.19416-0.4731i,-0.20913-0.4251i,-0.44614-0.17564i,-0.59449-0.21545i,-0.04303-0.02267i,-0.16392+0.0084189i,0.076616+0.058991i,-0.28624-0.033292i,-0.1693+0.063776i,0.37775+0.2151i,0.080511+0.23282i,-0.39816-0.088452i,-0.34195-0.17657i,-0.095378+0.13516i,-0.21338-0.16777i,-0.0017319+0.1149i,0.10901+0.063738i,0.069517-0.017242i,-0.016026+0.10501i,-0.11398+0.046214i,-0.056073+0.039082i,0.042071+0.10121i,-0.18267-0.0018294i,0.12504+0.10016i,1.1364+0.080457i,1.1899+0.088687i,0.87583+0.074973i,1.1081+0.081911i,1.3332+0.15194i,-0.71368-0.0064063i,1.0127+0.13499i,1.0273+0.091103i,0.39485+0.10072i,-0.26518+0.24508i,-0.41882+0.035383i,0.10622+0.13812i,0.24528+0.10857i,0.68685+0.15458i,0.35578+0.068721i,-0.3569+0.071436i,-0.0012591+0.071436i,0.3266-0.0062202i,0.14696+0.077714i,0.13604+0.085944i,-0.62629+0.14581i,0.68171+0.11208i,0.30332+0.12903i,-0.34118+0.10789i,-0.61858+0.028508i,-0.015259+0.047487i,-0.28797+0.061311i,-0.13788+0.10778i,-0.063856+0.080348i,-0.013292+0.1305i,-0.53471+0.049505i,-0.81365+0.00091307i,-1.5231+0.17012i,-0.70484+0.12211i,-0.18192+0.027915i,-0.036156-0.046619i,4
0.088609+0.57091i,0.21331+0.50787i,0.067082+0.57559i,0.097214+0.27113i,0.14736+0.43183i,0.021633+0.33271i,-0.081001+0.2906i,-0.0046663+0.29879i,0.19275+0.23591i,0.17558+0.10608i,-0.0094567+0.18459i,0.44727+0.039758i,0.11486+0.0061434i,0.0021671+0.15443i,0.25801-0.077722i,0.36084-0.10567i,0.59045+0.17607i,0.29592+0.24013i,0.32383-0.059111i,0.20032+0.16096i,-0.036223-0.029904i,-0.31268-0.064785i,0.10447-0.0033784i,0.42874-0.0096994i,-0.28945-0.047042i,-0.61347-0.067824i,-0.36529-0.12374i,-0.76048-0.020206i,0.020893-0.069573i,0.27489-0.1151i,0.11188-0.12459i,0.24009-0.10878i,0.25516-0.11126i,0.21418-0.1865i,0.10603-0.0075458i,0.90668-0.17798i,0.29471-0.12737i,0.23401-0.12299i,0.7695-0.19268i,-0.26665-0.057386i,0.64662-0.17078i,0.47589-0.15705i,0.42247-0.18977i,0.27504-0.11661i,0.18321-0.094288i,0.49962-0.094288i,0.14557-0.0051415i,0.20273-0.11194i,0.00086096-0.12143i,-0.99306-0.17833i,0.46756-0.14606i,-0.85269-0.13315i,0.59205-0.14674i,0.011756-0.022726i,-0.048744-0.064738i,-1.8686-0.057302i,-0.31583-0.12192i,-0.60565-0.090291i,-0.22532-0.20664i,0.13556-0.11875i,-1.1685-0.023369i,-1.2079-0.098764i,0.21444-0.092436i,-1.3668-0.054714i,-0.43931+0.044561i,4
0.1627-0.72308i,0.29065-0.45972i,0.055528-0.72079i,0.16038-0.055911i,0.30515-0.41527i,0.055758-0.32252i,-0.082305-0.70948i,0.31115-0.37962i,0.1194-0.2913i,-0.0099766-0.066072i,0.43869-0.18222i,0.65567+0.017763i,0.49013+0.0048156i,0.47893-0.098586i,-0.043075+0.17059i,0.44213+0.18505i,0.81857-0.040622i,0.58901-0.098496i,0.41462+0.096582i,0.43875-0.068364i,0.24875+0.068892i,-0.028301+0.07108i,0.42125+0.15814i,0.30892+0.097241i,0.15505+0.028753i,0.12418+0.057386i,0.42439+0.12128i,0.12141-0.0027433i,0.26745+0.088332i,-0.48125+0.099243i,-0.56029+0.10944i,-0.5454+0.092446i,-0.59462+0.098826i,-0.59791+0.1834i,0.1971-0.030929i,-0.37281+0.15659i,0.0035344+0.10219i,0.54979+0.11868i,0.87782+0.23359i,-0.22167+0.041134i,-0.32658+0.1663i,0.10701+0.15061i,0.01393+0.1867i,-0.078417+0.10344i,0.34903+0.063207i,-0.3838+0.063207i,-0.26084-0.053477i,-0.11949+0.095842i,-0.15952+0.10604i,-1.5884+0.15904i,0.62022+0.13622i,0.16451+0.14572i,-0.0026666+0.13324i,0.32912+0.013103i,-0.42311+0.047404i,-0.96842+0.049122i,-0.81871+0.11115i,-1.254+0.077154i,-0.14805+0.24676i,0.57568+0.14859i,-1.1463+0.00065663i,-1.2914+0.085356i,0.29354+0.078315i,-0.24175+0.023903i,0.36911-0.07331i,4
0.17053+0.090314i,0.30859+0.23308i,0.078632+0.16684i,0.32579-0.45077i,0.32215-0.25584i,0.086828-0.24425i,-0.015402-0.15859i,-0.073349+0.28534i,0.82289+0.0031969i,0.25865+0.093147i,-0.058828+0.015215i,0.24318+0.03746i,0.08399+0.047145i,0.18121+0.098971i,0.47602+0.14454i,0.74997+0.16195i,-0.30636-0.35362i,-0.59029-0.39793i,-0.27065+0.026732i,-0.051806-0.41494i,-0.37742+0.017283i,-0.38281+0.013231i,0.22683-0.12571i,0.064749+0.11746i,-0.75556+0.0048623i,-0.81809-0.01227i,-0.89017+0.023976i,-0.74609-0.0027092i,-0.50947+0.0050574i,-0.59826+0.015132i,-0.60907+0.016916i,-0.49782+0.013942i,-0.19223+0.013884i,-0.42659+0.027499i,0.20242+0.083633i,-0.55045+0.048096i,-0.23602+0.038581i,-0.12714+0.02379i,0.10846+0.018609i,-0.15871+0.0038733i,-0.43159+0.024425i,-0.37634+0.054752i,-0.038249+0.027996i,-0.2153+0.047678i,-0.27035+0.052093i,-1.0082+0.052093i,-0.26817+0.077385i,0.89805+0.014535i,0.88675+0.01632i,-0.037736+0.040159i,0.53745+0.020425i,1.1609+0.020959i,-0.17011+0.021078i,0.56709+0.021873i,0.23271-0.0022202i,1.2747-0.012553i,1.0138+0.00064799i,0.88522-0.0052984i,0.47994-0.087899i,-0.90546-0.1039i,0.15618-0.0021147i,-0.19384+0.057863i,1.0602+0.10023i,-1.7297+0.024803i,1.024+0.065565i,4
-0.097044+0.67404i,-0.079217+0.39728i,-0.052348+0.61132i,0.014542+0.041956i,-0.10221+0.46538i,-0.077896+0.30536i,-0.025415+0.51569i,-0.75869-0.016457i,-0.040659+0.15335i,0.11673+0.13767i,-0.075888-0.10666i,0.030046-0.20502i,0.13122-0.11695i,0.097933-0.10918i,-0.064956-0.1558i,0.37584-0.14239i,-0.49277-0.2108i,-0.90516-0.21019i,-0.34997-0.14174i,0.029426-0.016701i,0.38109-0.056359i,0.50352-0.030257i,0.94529-0.060672i,0.5768-0.0059867i,0.62861+0.0082818i,0.51628-0.021072i,0.60279-0.036777i,0.33381+0.035584i,0.58897-0.058571i,0.72025-0.0043832i,0.733-0.0083801i,0.81794-0.0017194i,0.67441-0.0072721i,0.48744-0.043468i,-0.67095-0.073888i,0.40005-0.05063i,0.43169-0.029313i,-0.18067-0.084691i,-0.028442-0.13384i,-0.25213+0.015477i,-0.15298-0.036906i,-0.18876-0.10686i,-0.77285-0.0449i,-0.45181-0.085322i,-0.2214-0.044334i,-0.62088-0.044334i,-0.67051-0.046434i,0.037521-0.0030509i,0.014619-0.0070479i,-1.1839-0.060466i,-0.26938-0.021928i,0.61429-0.050632i,-0.30783-0.017706i,0.97517-0.019382i,-0.52347+0.0071968i,0.515-0.0083167i,0.045412-0.026519i,-0.045865-0.013197i,-0.44916-0.15725i,-0.6385-0.11572i,-0.4229+0.034252i,-1.3204-0.14992i,1.042-0.12059i,-1.7499+0.0012279i,0.86333-0.084069i,4
0.044285-0.095606i,-0.04502-0.29504i,-0.012097-0.38539i,0.030609+0.34959i,0.069408+0.15882i,0.05627+0.65303i,0.057986-0.3362i,0.34878-0.59015i,0.071967-0.12237i,-0.048794-0.11304i,-0.10165+0.08565i,0.20995-0.065099i,0.23698-0.11017i,0.24213-0.030594i,0.23405-0.071319i,0.39094-0.054317i,-0.078139+0.068459i,-0.47455+0.066144i,0.29793+0.081427i,0.055825+0.19027i,-0.031597+0.040071i,0.028901+0.083777i,0.32431-0.087884i,0.21183-0.27069i,0.036001+0.080957i,0.14092+0.071777i,0.18797+0.10945i,0.27918+0.029097i,-0.098239+0.080368i,0.036098+0.077753i,0.19891+0.082619i,0.074842+0.07451i,0.28296+0.077702i,0.23486+0.1182i,0.090163-0.11819i,0.43042+0.075994i,0.42858+0.050045i,-0.028706+0.024969i,0.019504+0.047998i,0.19901+0.050232i,0.23282+0.10999i,0.27666+0.015904i,0.37817+0.11972i,0.40197-0.0067541i,0.29354+0.0024724i,-0.1023+0.0024724i,0.39326-0.11153i,-0.47853+0.07613i,-0.14938+0.080996i,-1.2048+0.035757i,-1.0817+0.095542i,-0.70997+0.053586i,0.58966+0.093971i,0.42625-0.038946i,-1.1381+0.011666i,-0.95636-0.028572i,0.32671+0.00072205i,-0.32022-0.015496i,-0.67572-0.082583i,-0.2164-0.12957i,-0.23334+0.030719i,-0.37251-0.070321i,0.48511-0.10245i,-1.2162+0.012643i,0.41863-0.23893i,4
0.149-0.030585i,0.08129+0.08243i,0.092471+0.042609i,-0.13294-0.55842i,-0.073858-0.25243i,0.14045-0.39135i,0.13952-0.16752i,0.56667+0.39714i,-0.14299+0.21171i,0.10615-0.072471i,0.20235-0.041979i,0.24737+0.24849i,0.027369+0.1346i,0.47844+0.16573i,-0.27784+0.062759i,-0.096307+0.083066i,0.086492+0.02051i,-0.10897+0.012531i,0.53+0.11278i,-0.53077-0.30258i,0.44293+0.048252i,0.21889-0.015484i,-0.59732-0.1217i,-0.23693-0.076347i,-0.035883-0.083578i,-0.00055605-0.050581i,-0.18265-0.052205i,0.061459-0.059651i,0.12051-0.0083927i,0.33676-0.058024i,0.42834-0.057861i,0.36028-0.058134i,0.35215-0.056747i,0.54061-0.054118i,-0.0069177+0.20181i,0.60175-0.0087336i,0.45412-0.0096006i,0.74881+0.063353i,0.39982+0.047459i,-0.35537-0.057571i,0.02538-0.05449i,0.35879+0.13054i,0.48464-0.054162i,0.98796+0.12851i,0.49599+0.040421i,0.34515+0.040421i,0.44705+0.13512i,-1.5541-0.058079i,-0.90766-0.057918i,-0.88085+0.00088344i,-1.826-0.056151i,-0.53389+0.012426i,0.50595-0.057483i,0.27896+0.057407i,-1.411-0.049174i,-0.31722-0.036903i,-0.34081-0.038483i,-0.66473-0.039023i,-1.4486+0.088945i,-0.25802+0.0861i,0.6855-0.059596i,0.43052+0.14062i,-0.44855+0.1388i,0.29567-0.010949i,0.11495+0.28307i,4
-0.17708+0.12951i,-0.24549+0.49777i,-0.14845+0.15917i,-0.15056-0.13592i,-0.22567-0.057471i,-0.12694+0.0068317i,-0.061391-0.27562i,-0.29098+0.50227i,-0.61946+0.15259i,-0.1125+0.17212i,-0.15399+0.17453i,-0.62771+0.11698i,-0.32128+0.14503i,-0.3135+0.17665i,0.32493+0.17873i,-0.44345+0.17453i,0.20681-0.19392i,-0.49175-0.14865i,0.48383-0.013461i,-0.23511-0.27426i,0.071769-0.054467i,0.11545-0.032165i,-0.33151-0.0057838i,-0.55315+0.14023i,-0.13135-0.029104i,0.11219-0.042935i,0.0005331-0.041412i,0.24963-0.02801i,-0.20934-0.04956i,0.13432-0.057095i,0.34253-0.060005i,0.67914-0.055157i,0.18979-0.057872i,1.1063-0.082888i,1.0235+0.084501i,1.4225-0.049263i,0.90861-0.03375i,0.20101-0.033325i,0.13078-0.10366i,-0.17025-0.041291i,1.79-0.078142i,0.38443-0.02453i,1.6772-0.083957i,0.14822-0.010179i,1.0958-0.00062483i,0.75297-0.00062483i,1.4111+0.080772i,-0.73112-0.056128i,-0.80079-0.059034i,-1.1584-0.054773i,-0.036513-0.068537i,-1.1599-0.071034i,-0.51457-0.06679i,-0.7985-0.0081267i,0.87104-0.046994i,0.23934-0.053956i,-1.499-0.069854i,-0.30204-0.060159i,-1.1571-0.15314i,-0.94128-0.12424i,0.66541-0.02898i,0.25735+0.01166i,0.087955+0.084342i,-0.97226-0.011551i,-0.87182+0.1002i,4
0.2366-1.4452i,0.026469-1.8042i,0.024841-1.1438i,-0.013048-0.43275i,0.036317-1.3276i,0.23476-0.8999i,0.21391-0.44667i,-0.34306-0.4839i,-0.32488-0.74342i,0.17806-0.67718i,0.014143+0.10041i,-0.38425+0.18376i,-0.17718-0.093719i,0.4115+0.032062i,-0.008846-0.2072i,-0.52141-0.12563i,-0.50289+0.53684i,-0.05204+0.31859i,0.2371+0.38124i,-0.36924+0.19875i,0.17812+0.26769i,0.11389+0.14428i,0.12496-0.39903i,-0.62997-0.3015i,0.047306+0.1018i,-0.23711+0.11943i,-0.17994+0.19269i,0.15414+0.0091648i,0.017722+0.23779i,-0.18827+0.15885i,-0.37382+0.17382i,0.057233+0.14888i,0.062369+0.15773i,-0.42246+0.28134i,-0.39772+0.22404i,0.0017278+0.31209i,-0.22803+0.23225i,0.65956+0.2845i,0.62083+0.41617i,-0.30873+0.073004i,-0.029075+0.2563i,0.28824+0.36016i,0.11206+0.28623i,1.1721+0.29143i,0.19077+0.24322i,0.2616+0.24322i,0.17171+0.21017i,0.090208+0.15387i,0.60166+0.16883i,0.56846+0.30821i,-0.17953+0.21262i,-1.2336+0.23105i,0.2462+0.20875i,-0.46588+0.10598i,-0.064113+0.075241i,-0.16821+0.069206i,0.10108+0.16127i,0.79484+0.11138i,-0.70388+0.36129i,-1.4422+0.21772i,1.9666+0.014155i,1.7771+0.46706i,-1.3254+0.24069i,0.1072+0.11739i,-0.82629+0.12905i,4
-0.057402+0.022326i,-0.03011-0.28164i,-0.13583+0.082789i,-0.068228+0.78375i,-0.052971+0.030132i,-0.09653+0.29398i,-0.17147+0.26396i,-0.056599+0.016254i,-0.20816-0.29637i,0.035764-0.13067i,0.17473+0.032746i,-0.0043385-0.14853i,-0.084278+0.061775i,0.20511-0.033274i,0.30463-0.42046i,0.054025-0.38088i,0.28857+0.35427i,0.58953+0.37748i,0.36897-0.081512i,-0.040807+0.43153i,0.41628-0.056837i,0.36282+0.011892i,0.22822-0.031176i,-0.13894-0.033338i,0.020072+0.04615i,0.15538-0.0070418i,0.18899+0.030295i,-0.14705+0.046068i,0.28159-0.03222i,-0.18047-0.006304i,-0.1156-0.011542i,0.001136-0.0028116i,0.11318-0.01824i,0.28127-0.073816i,0.27991+0.11453i,0.39554-0.01597i,0.057097+0.011962i,0.70435-0.03576i,0.99055-0.24645i,0.1203+0.011537i,0.1507-0.065187i,0.44414-0.052887i,0.76927-0.075665i,0.73109-0.016514i,0.60388+0.027007i,0.31495+0.027007i,0.24635+0.12618i,-0.41532-0.0045551i,-0.27833-0.0097944i,-1.132-0.050035i,-0.19002-0.037444i,-0.77496-0.095792i,-0.66416-0.023761i,-0.32854+0.0042369i,-0.16733-0.012335i,-0.53468-0.070172i,-0.13521-0.077723i,-0.58359-0.060266i,0.070659-0.10999i,-0.41742-0.047426i,-1.4649+0.044323i,-0.49314-0.081799i,-0.53328-0.17558i,0.52864+0.052015i,-0.77614+0.10753i,4
0.51695+0.36091i,0.5834+0.52413i,0.3715+0.27517i,0.54634+0.10492i,0.59236+0.13716i,0.44465+0.24396i,0.31573+0.056941i,0.21946+0.33578i,-0.15265+0.1109i,0.58401+0.26329i,0.69566+0.16721i,0.1171+0.006146i,0.64552+0.039102i,0.58878+0.10885i,-0.37119+0.17856i,-0.3113+0.17304i,-0.48805-0.24639i,-0.3592-0.18651i,0.3297-0.085203i,0.37024-0.17923i,0.54874-0.070752i,0.62767-0.049357i,0.25124+0.071886i,0.24764+0.20089i,0.72044-0.010622i,0.5935-0.039897i,0.64192-0.063613i,0.4889-0.0022749i,0.66414-0.065665i,0.37642-0.054256i,0.39002-0.059455i,0.22998-0.050792i,0.57577-0.054972i,-0.26999-0.099009i,-0.88184-0.036602i,-0.59415-0.091021i,0.045627-0.063297i,-0.26771-0.084698i,-0.23463-0.12741i,-0.29278-0.025415i,-0.76454-0.090446i,-0.20335-0.12435i,-0.76351-0.10084i,-0.42523-0.099369i,-0.43084-0.053278i,-0.59528-0.053278i,-0.4174-0.0091776i,-0.34318-0.052526i,-0.040385-0.057721i,-0.48627-0.087542i,-0.53366-0.074033i,-0.97886-0.087687i,0.15452-0.071584i,-0.35865-0.026699i,-0.040964-0.022955i,-0.060427-0.020807i,-0.16732-0.050563i,0.33153-0.033236i,-0.69936-0.20501i,-0.46038-0.15404i,1.5942-0.0040083i,-0.95707-0.061767i,-1.5528-0.0297i,-0.066849-0.023544i,-0.8338-0.018234i,4
0.21366-0.86087i,0.30982-0.64362i,0.12787-0.78987i,0.057932-0.0073545i,0.084656-0.49159i,0.11974-0.23615i,0.044639-0.28584i,0.39715-0.49747i,0.58582-0.27052i,0.30208+0.098689i,0.22521-0.045921i,0.14441+0.013007i,0.029012+0.078111i,0.57914+0.031363i,0.86205+0.24929i,1.1956+0.16897i,0.3913+0.0057642i,0.65536+0.013557i,0.4031+0.11209i,-0.10697+0.032567i,0.4136+0.15636i,0.31695+0.11265i,0.29475+0.082559i,0.493+0.23709i,-0.045742+0.071538i,-0.14443+0.073493i,-0.17211+0.1605i,-0.38814+0.022181i,0.048075+0.15221i,0.24061+0.085353i,0.227+0.091671i,0.4634+0.081144i,0.18992+0.092564i,0.46106+0.15242i,0.6193-0.11916i,0.21565+0.084342i,-0.25783+0.050648i,0.065969+0.06642i,0.65096+0.23517i,0.25323+0.056869i,0.66122+0.14179i,-0.091164+0.029769i,0.019156+0.15443i,-0.31341-0.0069225i,0.40952+0.0047948i,0.63076+0.0047948i,0.32802-0.14063i,-2.1085+0.083248i,-1.5792+0.089567i,-2.8292+0.098172i,-2.2868+0.11573i,0.91663+0.13552i,-1.4306+0.10641i,0.57694+0.0093674i,-0.69255+0.065592i,1.3044+0.093945i,-1.2025+0.11743i,-0.59716+0.096369i,-1.4661+0.18087i,-0.29617+0.11259i,-1.3272+0.024286i,-0.90201+0.022844i,1.329-0.026709i,-0.22761+0.0021162i,0.60791-0.13559i,4