3.66734093053560,2.90881099071281,2.43338729399773,4.42185705747184,4.86623758182968,4.98486843440840,3.26818499162070,4.56058326697347,3.18971337617921,3.79770274839885,3.71673368586518,5.08479045943529,2.51676890293678,-0.00895974137147198,3.37543052197430,-0.00895974137147198,2.24233205723502,3.78652944780072,1.08965254729664,3.58835251921697,4.76172488309419,5.29930795602973,5.09698573252911,3.84118786033859,5.29930795602973,5.01820485467600,5.01492077947481,2.66518890805506,5.81704036600898,5.15867930153445,6.38379454243419,5.34762653330054,3.94228397720996,5.39821203008865,1
5.44803344930743,4.66527411005780,2.99129767648613,4.19527048081206,3.50212330025212,4.87161054305563,3.73851207831635,4.60073558892023,4.32043362376607,4.37759203760602,5.57319659226144,4.12627760932511,2.40351101158401,0.794073099149906,3.83859553687333,1.89268538781802,3.88511555250822,4.83712436698446,0.794073099149906,4.60073558892023,4.45763474527955,4.34942116063932,6.49116658565531,6.69122696678665,6.18314482896641,5.97022283172374,5.02817960374717,2.58583256837796,5.63035500610138,6.64627557892438,7.04790191072538,6.16004911417176,3.68444485704607,4.83712436698446,1
4.82581685710371,3.21637894466961,4.37952975447529,7.19231527584141,5.71370811445617,4.86503757025700,2.61854194391399,4.73150617763247,3.85823283084201,3.83156458375985,5.18349130137553,2.41787124845184,2.01240614034368,1.31925895978373,3.39870050146357,2.01240614034368,3.11101842901179,4.63948727891222,1.83008458354972,3.90952612522956,5.66738404278193,6.15289185856363,5.49876133034614,6.14757269708603,5.46767074327611,5.05692857806710,5.26407178803487,3.05386001517184,6.25851759103776,5.70544360460628,5.84826778480626,5.36814114792908,4.77452356271616,2.99323539335540,1
6.12856337206366,5.43251343184575,3.50389477990050,4.97636683726144,4.36255639893802,5.26862557674063,2.58760404802634,4.32807022286685,3.61722346520750,3.28075122858629,4.13516655674236,2.36446049671213,1.67131331615219,-2.30258509299405,4.04621907072586,2.23092910408761,3.89593686767652,5.09720331040472,2.68291422783067,3.97389840914623,4.36255639893802,5.43251343184575,6.26390471993342,5.94797943516824,5.92692602597041,5.57328598572683,5.46680250532438,3.11823229908851,5.69219072649242,6.63938899582965,7.17562807517946,5.81047189416408,4.60250706856861,2.92407628464756,1
4.57088111250946,3.83820309319288,3.26641676963720,4.10551786282023,4.29603618681836,4.96334213619442,4.10551786282023,3.73642039888294,3.20757626961427,4.23285728519683,4.79866504338017,3.58226971905568,1.50282817737584,0.404215888707733,3.71840189338026,-0.288931291852213,1.50282817737584,4.59387063073416,2.10896398094616,4.32618922498905,4.63104963397591,4.69467532985612,6.73571773860142,5.98959013231363,6.21535688168443,5.91764463487271,6.06891097465589,3.90072345017421,5.27941321190888,6.58526720360108,7.12443604384303,5.88276930555870,4.41154907394020,3.68136062169991,1
3.67892912326077,3.54539773063625,2.69809987024904,3.20892549401503,4.43270092563715,5.74262230797247,4.48985933947710,4.85758411960241,3.90207267457498,4.89532444758526,4.64401001930436,3.54539773063625,2.69809987024904,-2.30258509299405,3.39124705080899,-2.30258509299405,3.39124705080899,4.16443693904247,1.59948758158093,4.81836340644913,4.30753778268314,5.15483564307035,6.63644018399456,4.77754141192888,5.93022092186726,5.96893543404795,5.00068496324309,4.08439423136893,5.26304922771058,6.69935400940513,7.20160640246063,6.13208707473419,4.08439423136893,3.39124705080899,1
4.68406412845775,2.92620621090538,2.92620621090538,3.80167494825928,5.81657796880155,5.98959713293319,5.18796930937917,3.71466357126965,3.95582562808654,4.14998164252750,5.20858859658191,5.52146091786225,3.10852776769934,1.31676829847128,4.71796568013344,1.31676829847128,3.26267844752659,4.90028723692739,4.36129073619470,4.81327585993776,4.49482212881923,5.20858859658191,5.22879130389943,5.03034036517559,5.32410148370375,5.03034036517559,4.71796568013344,2.70306265959117,5.49115556836692,5.22879130389943,5.95149728670092,5.24859393119561,2.92620621090538,5.74758509731459,1
6.54538772005012,6.57445680857959,4.95386636419502,4.93974848264923,5.71694055923371,5.46000813864858,3.76227761906880,4.65048538220013,3.63094161700772,5.02161235272741,6.24974508971848,3.68223491139527,2.53232932833961,0.974184710293058,5.28498383567857,2.22694767878843,4.59852564326942,5.90865864342375,4.70588416158992,4.87109407791116,5.07268728266382,6.08013018419364,8.23242078905060,8.28623774963135,6.81191515745900,6.59186448589585,6.72755068513809,5.43143476620453,5.02596965809636,8.39625950229544,7.75637676629985,6.63279546630254,6.23168008232084,4.46308767237432,1
6.13040780224195,6.11844752677897,3.96695266745908,5.39819841644124,5.70155372284719,5.38714858025465,4.43551848193519,4.36857899926008,3.77771066782055,4.27172917327016,5.18462431614318,3.21461661550880,2.27363327104428,-0.498955451195503,4.90372193067678,0.887338909924388,3.23871416708787,5.47739545810243,2.27363327104428,4.18317577592872,4.55729035415281,5.15353372907315,6.67116409225413,6.39874949193313,6.10227466753337,5.51963776330073,6.09819025069115,5.25361718763013,4.42829823396170,7.21884075981808,7.41200193165009,5.65590264282091,5.93398464154368,3.84484997065818,1
3.85848223850012,3.63533868718591,4.69139136143522,4.19495447512133,4.04080379529407,5.08225767012223,3.16533505794017,3.63533868718591,3.63533868718591,3.63533868718591,4.12084650296761,4.19495447512133,1.55589714550607,-2.30258509299405,3.85848223850012,-2.30258509299405,2.24904432606602,3.63533868718591,1.55589714550607,3.75312172284229,3.95379241830444,4.88810165568127,6.33502063861760,5.58124883624122,6.03323395998428,5.65024170772817,5.24477659962001,2.94219150662596,4.98988434999122,6.05570681583634,6.77083290311506,5.42709815641396,3.50180729456138,3.75312172284229,1
5.93909197033838,5.97662396932733,3.53102136949836,3.59164599131479,5.84849507498615,6.56115506976968,5.74203926896691,5.17486070864979,4.07624841998168,5.35758476092110,5.39121800027964,4.53348979761356,2.95565722459479,-0.851005265175526,4.48653281452579,2.91019485051804,5.68423600583813,5.92436082576087,1.71394409228601,4.53348979761356,4.92973825061680,4.97499484220493,6.83515703831738,5.72127727751848,5.80572125900287,5.95692967852440,5.25601762256673,2.88666435310784,5.04614860246122,7.09879195098633,6.81988956618659,6.13092941198086,3.65985424134132,4.90473694841139,1
4.92112223197626,4.83463620304179,2.51936595052043,5.04083019604223,4.63022368843364,4.80478323989211,2.38279041551468,4.39931813178394,3.54441567201152,4.41542153935052,4.91532511429193,4.68537550850872,2.00142285898557,-0.637634470629687,4.22604641050991,1.50243169286658,4.21829443370559,4.93641889735173,1.80471256473952,4.64048018860083,4.71659052785665,5.00781242701355,6.78054635209710,6.03881906933678,4.99357731119168,5.61715541742534,5.31300808195804,3.69309886965664,5.11334960551081,7.17373148706923,6.22040521610652,5.82928755640650,4.59614437478078,5.24150089150438,1
6.49372480801505,5.67713343636398,4.66917551596400,5.97208826814484,4.91603559389553,5.04761195168425,2.14344687165575,4.12444834052233,4.70839622911729,4.19113971502100,6.07527250438007,3.59036585459207,2.14344687165575,0.757152510535858,4.42071415666550,1.45029969109580,2.83659405221569,5.22306062919044,2.36659042296996,3.39620984015112,3.46520271163807,4.28351303515202,7.05241851197550,7.61781618198415,6.06045741859493,5.77443234735078,5.97750833561418,5.59343441748734,3.97602833540406,7.44051345630213,6.83249854162454,5.80057762745510,5.62468696099144,4.22288841333559,1
5.56362172868653,4.56115330057132,3.12356564506388,4.90651448460978,4.63347396215094,4.74347485736527,2.88717686699965,3.67563422736392,3.70548719051360,3.54642249588391,4.86125789302166,2.95171538813722,1.78856457833154,0.179126665897435,4.18645985112991,1.78856457833154,3.47496353190176,4.50986000618377,2.48171175889148,3.67563422736392,4.52293208775112,4.46958610704583,6.62959708804161,6.47069580545576,5.84900758887796,5.64718680703257,6.45388868713937,4.09114967132558,5.64295847092305,6.88108703189998,6.87616091356392,5.74747116965853,5.55440507358160,3.12356564506388,1
6.02716161048798,5.83204174055072,4.81221032973572,6.52284425415141,5.66690193914786,5.15975279011118,3.51292734560546,4.83785276034906,4.11906314917578,4.95704127761418,5.98384775341872,4.10599106760842,2.07784282031614,0.468404907882039,5.25589665066408,1.56701719655015,3.66707802543272,5.38838583371016,3.17645510898425,4.00936423191935,4.07932282052626,4.39037824416335,7.75562349243334,7.27079967120635,6.34754027001610,6.15368391097368,6.34052269735745,4.88120320122267,3.83570073786851,7.91001850974074,7.26690320092723,6.10319451105129,5.88228061506435,4.31855250959210,1
5.13667601499162,5.06391666070919,2.34638771565244,2.84282460196633,3.78486782994290,4.60517018598809,2.27227974349872,5.34211998920643,3.53597178252628,4.26120727763772,4.10177954070962,5.07330640105903,2.65176936520362,0.400477566597125,3.63915601876151,1.09362474715707,3.26267844752659,4.14998164252750,2.27227974349872,3.95582562808654,4.16167768229069,4.38946161316140,5.76176973230655,4.38946161316140,5.38065365320867,5.39091015337586,4.40781075182960,2.54054373009340,5.75233570007319,6.30311089999849,6.88128870579397,6.14508203577358,3.99778982718557,5.97453093457854,1
5.57070885269657,3.68043039962741,2.12983298721624,4.82349445086635,4.09594584358907,4.21816347631332,2.32398900165720,3.27496529151924,4.22697410599548,3.15433730373063,5.58884993976722,2.48650793115497,1.28253512682904,0.183922838160928,2.62626987353013,2.43521463676742,3.04612371909040,4.44660271520224,1.43668580665630,3.31941705409008,3.63391038399252,3.80826377113729,5.67492454853847,7.12075136462877,5.71533408687634,5.26221678073100,5.76365266414715,4.26989915071251,4.79408056566006,6.18780990526747,6.26156508150996,4.90242170945602,5.07050548358721,3.60164952177429,1
5.40455315578472,6.09572989235736,3.19942339894139,3.58079095547049,4.68750045437122,5.68730181911854,4.56769925455860,4.99118286816944,3.65140852268444,4.12989876580750,4.28605949656278,4.34455570324439,2.63980761100596,-2.30258509299405,4.98521270118294,1.25351324988607,3.92766189931260,4.96096908957294,1.94666043044602,4.11571413081554,4.67123993349944,4.71140597522477,6.27574767982568,5.39664797627761,5.86367097738520,5.76985222216755,5.30094089232042,4.02610197212585,5.75054127725446,6.79966678033869,7.37105963546513,6.32084388765887,5.25171395155527,4.83006351902609,1
6.89443161778367,7.03723435440171,4.29768548624013,5.26846440339836,5.53895407530976,5.32730490342129,3.38139475436598,4.95001067227982,4.42871374864654,5.08614284660440,5.67392951150652,3.47670493417030,2.46510402249182,0.385662480811985,4.87429885054412,1.77195684193188,4.09923454751629,5.28350228076290,3.02471981042724,5.08614284660440,4.48000704303409,5.36926910252032,7.85131779094604,7.39507141352062,5.80176288301641,5.96539230679821,6.62203207101569,4.87429885054412,4.75511033327901,8.69089931030458,7.31811037238449,6.75213292854342,5.91905196953951,9.48137732694686,1
4.98716293791111,3.93734081341244,3.69617875659555,6.06045741859493,5.44141821018871,5.57494960281323,3.24419363285249,4.69948086545933,4.55638002181866,4.38932593715549,5.51779118897328,5.21030648922532,2.39689577246529,-2.30258509299405,4.07087220603696,1.99143066435712,3.69617875659555,5.21030648922532,2.39689577246529,4.07087220603696,3.93734081341244,4.66557931378365,6.53472544662713,6.68735521361368,6.43408192084744,6.18863261201893,5.94267438293855,3.24419363285249,5.30561666902965,7.22787262718707,7.77371620050127,6.72762911275162,5.08247311771544,5.68031011847106,1
4.21054796380463,3.84118786033859,2.38893553142690,4.33484568048221,3.81968165511762,4.84307052254815,3.16909408897647,4.14992334198820,4.28149969977692,4.65447935274060,5.78100042952578,2.82425360268474,2.69909045973074,1.08965254729664,4.42185705747184,1.37733461974842,3.45677616142825,4.49084992895879,1.37733461974842,4.74463044973489,5.16152425366668,6.14589835264495,6.96270886335432,7.20333472712887,5.89367359202989,5.29930795602973,5.95204559825180,4.69152062442094,5.08479045943529,7.15653373368937,6.58134130682521,5.30916025247274,5.61505776481587,3.62862641835491,1
7.53389174925912,7.60837009802274,5.35488771803643,5.30359442364888,5.81442004741487,5.75478178109514,5.04473278973259,4.85785541640278,4.72627905861406,5.36731023803499,6.25775542957845,6.15651554159045,3.80607442741877,1.48368670712854,5.81704816982114,2.27214406749281,4.46936864482903,6.40512642242033,1.66600826392249,5.62045198523459,4.94942260992827,5.59127649610066,7.56087012963906,7.16317648921570,5.87070088331346,6.24414977752267,6.11841569535818,5.61082109217363,5.66420896559169,7.74250306021505,6.85803875995257,6.40658308691679,5.70905953175704,6.63582156349850,1
5.37462555961136,4.94854116430046,3.56224680318057,6.38808003993916,7.11042637519137,6.64759123542425,5.24400537719430,5.43404898008216,3.88070053429911,4.91679246598588,5.71691176609799,5.31144665798983,3.56224680318057,1.48280526150073,5.70231296667684,1.48280526150073,4.37317701939690,5.14636690763038,2.58141755016884,4.66085909184868,5.03815332299015,6.12719616064211,6.39546014723679,5.71691176609799,5.49013844673321,5.28946775127105,5.35400627240863,3.27456473072879,5.75947138051679,6.41005894665794,6.25348988596640,5.37462555961136,4.12186259111599,5.39482826692888,1
7.14338098947787,6.57562144395952,5.41448879831008,6.43871736685636,5.47700915529141,5.58236967094924,2.67364877438488,5.14456918219814,4.64308942085039,4.94233231570324,6.20489928429523,3.52094663477208,2.67364877438488,0.881889305156823,4.71053070164592,3.27978457795519,5.11599580975408,5.89916914197175,2.26818366627671,4.51947546488321,4.40824982977298,4.59546137186113,7.17899862509076,7.06603819609431,5.19937741869313,5.26391593983071,5.97563950596359,5.69407366052924,5.15855542417288,7.76227338734283,6.33721042051452,5.66938104793887,5.14456918219814,4.10076513002502,1
5.71383281050970,4.79754207863555,2.86120138059639,4.17850287022932,4.28028556453927,5.33493472978626,2.98636452355039,4.69644596176418,3.76406909213840,3.67951170411034,4.64178754922632,2.86120138059639,2.09906132854949,0.846298360054120,4.67493975654322,2.35037575683039,3.73667011795029,4.78788016772381,1.25176346816228,4.60749847574768,4.47063929303049,4.19620244732873,5.83332378851124,5.70997924119371,5.51912719451603,5.09479360210348,4.95717222422743,2.79220850910943,5.70611076441579,6.17901715331949,6.57963963695187,5.16378647359043,3.84203063360811,3.55434856115633,1
6.16797388190783,5.25669569185722,3.07189363451956,5.67045960278008,4.88200224241581,4.95220650108906,3.51372638679859,3.96571151054165,3.58271925828555,4.01016327311249,4.84496097073546,2.95411059886317,2.48410696961744,-2.30258509299405,3.87040133073733,2.26096341830323,4.01016327311249,5.17873415038751,1.56781623774328,4.90002074791849,4.51225521690972,3.76504081507950,6.22652719065940,5.87861536312879,5.49964187046761,5.51905995632471,5.68685341255575,2.95411059886317,5.38552856370019,6.45816536596503,6.31708676770513,5.52862940734086,4.30865626166848,3.07189363451956,1
4.68821217869022,2.06977413627770,1.82861207946081,5.25671691404289,5.47334964034482,5.11769216300226,3.69339668370376,4.32106593488420,4.91551374015310,4.27490389312103,6.32030811501691,5.25966242427265,2.56621102259159,1.37662695571775,2.56621102259159,1.91562345645044,2.13876700776465,4.09415590077451,1.37662695571775,3.50825425056816,5.28864996114590,5.71111264562264,5.70736029600409,7.17051126507114,5.86365689940162,5.19903780245621,5.68262068982833,1.82861207946081,5.80914299031403,5.88591537000256,5.79201928423544,4.99523721398513,3.72117624781083,5.75148510091302,1
3.48240743708770,3.10973215180253,1.62165509637269,3.54694595822527,3.07694232897953,4.40313276602972,3.66472899388165,4.04519279978440,3.20210547193354,3.80287933236247,4.69302478413230,2.56611670521354,1.28518285975148,-2.30258509299405,4.22962183891792,0.368892127877324,2.24069430477892,3.31333110704376,0.774357235985488,3.14148085011711,4.84053092124089,5.54504186045115,5.75338719066641,5.32471918547858,5.33870542745332,4.67295722108149,5.04638297544504,3.86539968934380,5.12678340088308,5.69433816181361,5.97469419417332,4.56609407553913,4.39424381861247,3.25926388577349,1
4.78749174278205,4.30506559353775,2.18480205733766,3.61191841297781,4.61255029328571,5.03743348725098,2.79093786090798,4.69710768131378,3.16563131034939,3.85877849090933,3.28341434600577,3.94839064959902,2.47248412978944,-2.30258509299405,4.26424359901750,1.49165487677772,3.82702979259475,4.77506922278349,1.49165487677772,4.24319018981967,4.22168398459870,4.32486822083393,5.89021081340281,3.94839064959902,5.34886964571087,5.43646770502885,4.41839427884476,2.87794923789761,6.10677539361898,6.54790068212603,6.92973418570091,6.04553176837826,3.76033841809608,4.56742985800524,1
4.75807785757575,4.46540824361293,2.42518741508638,3.11833459564632,4.84384467933318,4.88411857847112,3.59790767590821,4.76551283606327,4.45535790775943,4.82308268788475,6.22154053519784,5.13323761618859,2.34514470741284,-0.139761942375159,4.77289294336089,0.553385238184787,3.19244256780005,4.21694688431443,2.42518741508638,3.97111192179815,5.61598027121175,6.17920617137128,7.23987021023439,7.23361236753489,6.24543245662257,6.24879946317047,5.80827304680549,4.56071842341726,5.60003096980408,7.20107361174812,6.93011218608341,6.02565591185626,4.72005046198651,5.46235687850454,1
5.58830093598810,5.70224519533732,3.13729583787578,-2.30258509299405,5.05421845005784,5.57090919327623,3.60729946712151,4.30044664768146,4.36107126949789,5.24142999214599,5.55320961617683,4.30044664768146,2.91415228656157,1.52785792544168,4.41822968333784,2.22100510600162,4.70591175578962,5.08320598693109,1.52785792544168,4.61890037879999,4.66335214137083,5.02436548690816,6.86057671870705,5.93457717270593,5.49814983899380,6.14297844228294,5.77635316749104,3.60729946712151,5.47910164402311,6.67535240225513,6.15283073872595,6.09220611690951,4.01276457522968,4.01276457522968,1
6.48534061256020,6.29196921957966,4.81745062504493,6.48899692376331,5.81034275050593,5.16632825852363,3.76624057527140,4.91010945552764,5.07307076503705,5.29470942517184,6.61244111485443,3.58391901847745,2.74767099427683,1.28133392548340,4.75743261531868,2.26216317849513,4.47318107796369,5.40307746189362,2.48530672980934,5.36450518710738,4.67135800654743,5.98785660573178,8.12045341207540,7.83193795663593,6.50528687674258,6.20374498616482,6.41516965336582,5.55335966494296,5.10270256264342,8.13954875890541,7.24491326910185,6.14114632984508,5.54869765183715,4.26025908072101,1
5.16005579954811,4.53359999348684,3.17905433068153,3.66456214646323,5.61047229551854,5.75357313915922,4.19065524236001,5.03143842172602,4.09534506255568,4.53359999348684,4.46690861898817,3.58451943878969,2.48590715012158,-2.30258509299405,4.39544965500602,2.48590715012158,4.62597331361785,5.10694597423416,2.70905070143579,4.62597331361785,4.46690861898817,5.40367788220586,6.34663686116218,5.45632161569129,5.45632161569129,5.49406194367413,5.70478297498979,3.04552293805701,5.36229266604301,7.33009423658018,7.26503064323311,6.43233158226706,4.39544965500602,3.66456214646323,1
6.08594605481185,4.54492514284389,3.43821564394316,6.16399394833895,5.08122985191087,5.33411537242382,3.61646387534948,4.29935455574224,4.45203139595120,3.94415128241496,6.37362812726363,2.94351940210706,2.76916601496228,0.823255865906966,3.61646387534948,4.10667021191274,4.91202938307961,6.11990517535431,1.51640304646691,4.50376707035039,5.16272288616205,5.47403656314711,5.92515275128155,7.03586196165848,5.52977854615534,5.13628962909390,5.48354535111614,1.67055372629417,4.83663136559540,6.62738631439745,6.10645959464496,5.04276357108307,4.15546037608217,3.71362762380313,1
5.40660614198495,5.02711652028005,3.56077945148662,4.57238036316510,4.96769309980925,5.59766137874766,3.71493013131388,5.02711652028005,4.63122086318803,5.00769843442295,5.90418653900092,4.60223332631478,2.46216716281851,-2.30258509299405,4.65939174015473,1.76901998225857,4.21136701762777,4.71345896142501,2.46216716281851,5.17021736392072,5.08320598693109,4.90451419818772,7.33162284345199,6.76284815803844,6.54393294283375,5.98852768743467,6.18181827559920,3.78392300280083,5.70084561498289,7.61545875731629,7.72226331654635,6.07981910764408,4.37170966770295,4.65939174015473,1
7.18258497481663,7.66187372183804,4.62655098101304,4.97937235563578,5.98851324147340,5.85145699500544,4.92380250448097,4.54650827333951,4.28622517507584,4.66429130899589,5.51158916938309,5.18616676894846,2.75474880411145,0.675307262431614,5.88479341527304,1.77391955109972,4.33886890856126,5.83436256164614,2.46706673165967,4.14104316523134,5.01911268428530,5.74421146465185,7.31648943217221,6.71556197370903,6.34518818541213,6.19276015889632,6.35206106469990,5.32926761258914,5.56565639065337,7.35741585988142,7.32299563599494,6.31009686560086,6.12634571599731,5.15264407690982,1
5.73194164208958,4.22837640921695,2.95935291984980,4.37790814318791,4.90056822460091,5.01808978816794,1.41342841313802,4.91690464392060,4.26012510753153,4.47249656186383,5.75922984363842,5.21666624202698,3.25519830294074,1.62106777791627,4.31653919681162,2.31421495847621,3.64426960127323,4.84244048298306,2.14431592168082,4.63230423800623,4.71494711260979,5.66849542035062,6.09484713577895,6.14353547213912,5.95917517865532,5.11757533938275,5.71437013055993,3.03813379770291,5.57351269784333,6.25822100975741,6.85150772206122,5.17819996119918,4.72059684515190,5.68795549390533,1
3.29801314542693,2.87056913059999,1.26113121816588,4.16985211473025,3.68887945411394,4.39662543409503,2.99573227355399,3.45835579550210,2.80157625911303,3.49472343967298,4.03371994040567,5.15295151627651,2.24196047117761,0.162518929497775,4.45297837064617,0.162518929497775,2.87056913059999,3.90018854778114,0.855666110057720,3.42061546751926,1.95427839872583,2.87056913059999,4.53196678196480,3.96918141926809,3.71786699098719,3.94670856341604,3.74603786795389,2.35974350683399,3.85139838361171,4.80690982863915,4.55696808417021,3.85139838361171,3.25356138285609,5.25011526473016,1
4.40652173590671,4.15520730762580,3.14756679716342,3.81873507100459,3.70095203534821,4.76566277234063,2.49697923102227,5.30033961192881,3.84071397772336,4.77424651603203,5.04251050262671,4.63704539451854,2.20929715857049,0.705219761794215,4.15520730762580,0.705219761794215,2.90244433913043,3.81873507100459,0.705219761794215,3.96331629981570,4.08961002513999,4.34280592152060,6.05470541491665,5.00928485499838,5.72249959860914,5.70243203555833,4.73946039994661,3.79626221515253,5.05549769815352,6.18585868513621,6.86219874737977,6.15625821535992,4.62719309807553,5.22155873407569,1
5.89183470615914,5.26237534485645,3.64224214330561,5.22553477563538,3.84584109854685,4.55206036067414,3.18718009405807,4.83649039773955,3.51636189741660,3.35813789220171,4.31364933722915,3.60945232048261,1.50753792295072,-0.197210169287705,3.35813789220171,2.15416508787577,4.30813968141818,4.74085443197372,1.50753792295072,3.96945505451402,5.04453684577194,5.08090448994281,5.52310160731971,5.66357605417816,4.59028157349434,4.29702845599311,5.91978510026749,3.67399084162019,5.44469690165041,6.72296762969299,6.19721635571032,4.93268854563537,4.85584584069250,3.29929739217878,1
5.31434252209813,3.47533016801953,-2.30258509299405,4.90887741398996,3.29943950155586,4.25347056141287,2.56707160784264,2.52624961332238,3.24001608108506,2.43923823633275,4.46618959539119,3.35552896820691,1.29410593202975,-0.651804217025563,2.93171472143055,2.23856754087060,3.01175742910408,4.76873078224672,0.446808071642547,3.58230228757170,3.83683215270658,4.44194598378120,5.15633827295488,6.03280751064236,5.68678986117762,5.27778492636433,5.11024716575461,1.83310243276244,4.79061349349623,5.81589450907879,6.47347887448515,5.04192792177714,4.01163487708650,2.78218298745958,1
7.11910731045394,6.85403866250872,6.59357553929825,7.66676449579056,6.03426834571800,5.76300934856507,4.46088948309961,4.86635459120777,4.47125227013515,4.68403303441382,6.04287054930067,3.11541711649997,2.78691304952793,1.84245144068708,5.32149130911317,2.38144794141977,4.41832986868081,5.91756464098130,2.89227356518576,4.13064779622903,3.78836158974240,4.68403303441382,7.11471813003518,7.03143214319765,5.33026329518601,5.80733793567230,5.90289445123350,3.42290181624793,4.14503653368113,7.67433391797060,6.31327357414410,5.83143548725136,4.58788917386091,3.56010293776142,1
4.74975141479920,5.35763394370446,2.67030987311936,3.28341434600577,4.01738352108597,4.93367425296013,3.24085473158698,4.40942560886200,1.89711998488588,3.32423634052603,2.05127066471314,2.59026716544583,1.71479842809193,-2.30258509299405,4.03718614838215,0.105360515657826,3.50655789731998,4.54801177214814,1.49165487677772,3.50655789731998,4.14841178349238,4.62714909270687,5.34180247848778,3.19640296901614,5.39362754635236,5.08209425807840,4.85029264402108,3.74294667538421,5.00320031560874,6.32991894493319,7.16669488256826,5.58182406758934,4.85895070676419,3.10109278921182,1
5.50533153593236,3.85014760171006,2.48490664978800,5.01063529409626,5.09986642782420,4.95582705760126,2.56494935746154,3.49650756146648,3.73766961828337,3.80666248977032,5.48893772615669,4.43081679884331,2.39789527279837,0,3.85014760171006,2.39789527279837,3.68887945411394,4.99043258677874,1.09861228866811,3.95124371858143,4.33073334028633,4.46590811865458,5.90263333340137,6.17170059741092,6.41836493593621,5.83773044716594,5.64190707093811,2.48490664978800,5.17614973257383,5.56452040732269,6.41999492814714,5.17048399503815,4.00733318523247,3.52636052461616,1
6.32533235473024,5.90521682040365,3.10946103888233,4.34783526992560,4.14796940348074,5.58599943899982,3.31240188287902,4.91774981006160,3.85139838361171,4.36222400737770,4.99273561694616,4.56807606158185,2.31095334266456,-0.579418415231602,3.86323284125871,2.31095334266456,4.70884861546293,5.76446201889473,3.08414323089804,3.90921795450054,4.40418820647673,4.69869624399891,6.51481643069315,6.06697209961613,5.60266649148503,5.50280049514484,5.56476721889404,3.03149949741262,4.11192946699754,7.31713428641144,7.09890794127528,6.00399080692716,4.55048029969147,4.79585999245256,2
5.11042476470463,5.05293767378695,2.40794560865187,3.72970144863419,4.27974778555346,5.08209425807840,3.50655789731998,4.92698526480933,4.35979049322700,5.06762222546987,6.10615639019469,5.24604893800228,2.27441421602735,0.616186139423817,4.35979049322700,1.42711635564015,3.86462076653356,4.64153783015897,1.71479842809193,4.23383808424939,4.54801177214814,5.03502674722042,7.05713268005674,6.82628408236812,5.41197668502056,5.50653526764557,5.74608485434689,5.06177425558744,4.57699930902140,7.20339174232856,6.26867531969247,5.52884102515987,5.25333937126496,5.48564182005729,2
5.90417426898700,5.56350915410575,4.25635211354458,6.66993398251065,4.91634708678762,6.12144285585818,5.33298549549391,5.17264284541873,4.18891083274905,4.55484510210058,5.23173176178874,2.99266007451702,2.37362086611080,-2.30258509299405,3.82890809871764,1.81400507817537,4.63240333644645,5.38353777465674,3.20029943929527,4.45306240779063,5.92896892760021,6.12144285585818,7.26504353174108,6.93796905757863,5.66945773211513,5.46466331946911,6.22072432543963,4.11659017116942,6.32486458469223,8.06879496623040,7.17412284562886,6.19603171284926,5.01267819572606,3.89344661985521,2
5.44528388303833,5.18542431618585,3.34365442638313,4.44226671505124,4.25480375875687,5.16488971374414,4.23396967185402,4.70397330109976,3.08129016191564,3.74053579079990,4.15742959473169,2.81558699618263,2.07798805305185,-0.319907219746518,3.55129379116137,1.62600292930880,4.12274403674380,5.21348226898100,0.778705068921592,4.46758452303553,4.16872914998562,4.16872914998562,5.36367254759216,4.92711685241397,5.17315422359403,5.02720031097095,4.36222400737770,3.89960048542959,4.88409946733028,5.49720394021669,5.88262829744141,4.76768911548587,3.11407998473863,3.72314404808803,2
5.87428229248499,5.60809514983515,2.79744686577102,3.81217767045843,4.23417208051781,5.05777214947519,4.19232497058230,4.36462496891524,4.25043260138959,4.88973654992871,5.67431793644828,3.66425754038181,2.13820123688676,-2.30258509299405,4.26643294273603,1.37606118483986,4.26643294273603,4.84179708763959,1.62737561312077,4.21764277856659,5.05055190150170,5.43650419538628,7.12681811731101,6.62533835596326,5.82541263390000,5.69545224852226,6.12718528345103,4.13968123709688,5.14388384129392,6.88602772327637,6.46453896570005,5.63066020982724,4.40688477820512,4.26643294273603,2
2.76403283585315,2.35856772774498,2.51271840757224,2.64624980019676,3.43848788340094,6.25152117045278,4.94465952178033,4.43104060010873,2.51271840757224,2.72629250787030,2.46392824340281,2.30140931390503,1.86609124264719,-2.30258509299405,2.80040048002402,-2.30258509299405,1.25995543907687,2.96470353131530,-0.531804030151182,2.80040048002402,5.90594761958522,4.89314598733022,4.78140194889061,3.51124723768337,4.99762505736024,4.35854509807057,4.15954385207796,1.77078106284286,5.36259880411367,4.19558378856116,5.25202115217856,4.63298194377233,2.76403283585315,2.03314532731035,2
6.27053665108142,6.47765286648859,4.19527048081206,6.05676328805479,5.60625745452232,6.19223580066766,6.33925054362947,5.09813819235408,4.66527411005780,5.34794999075045,6.00355925199133,4.01294892401811,3.09665819214395,0.794073099149906,5.97585664944199,2.87351464082974,6.04109717131039,6.37380292513613,2.73998324820522,5.50360330046224,5.63826018560850,5.39924328513800,8.29072553731819,7.32931437016356,6.43951999679314,6.42886270231916,6.45703357928585,4.57826273306817,5.30493260566676,8.29072553731819,7.28327803047522,6.47765286648859,4.96846036904554,3.92956731507906,2
6.47558955557093,5.00863729143358,3.58152093579344,5.02451064058987,5.21727615654491,5.49352953317307,3.86920300824522,4.77544340426587,5.02451064058987,3.76384249258739,5.79345166051935,3.17605582768527,1.97208302335934,0.180323554131281,4.47078299527967,2.48290864712533,3.79124146677551,4.87167143636043,2.12623370318659,4.09234655955943,5.06312547671765,5.69777645059599,6.85866566878561,7.93609072423428,6.18913673957388,5.69375230029626,6.68461172766793,2.81938088374654,5.90063533073869,7.41305669030890,7.00469722417437,5.86049616314835,4.80529636741555,3.79124146677551,2
6.77097310523652,6.43025345049636,2.73452252143333,3.80781700211714,3.98011700045008,4.38318114702071,2.91684407822728,4.14550949514359,3.79057519568264,3.85782742269181,5.22358718136999,3.36313118085570,1.34822816031343,-2.30258509299405,3.26515077249550,1.99008204648583,4.15763085567593,5.05199622692112,1.24286764465561,3.30832294436070,3.86592463292443,4.45281483877951,6.91389733284000,6.95952978217547,5.06909066028042,5.97613783327102,5.69979558750261,2.91684407822728,3.99440295769756,7.52159751071903,6.23631910165160,5.84803783064370,4.04958937326485,3.68037205554902,2
4.59553929292713,4.02375296937145,2.41431505693735,4.73108478492335,4.11906314917578,4.70251141247930,2.86630018068041,4.33960591878993,3.30161825193825,3.90239211236718,4.15728436199598,3.48882979402640,2.26016437711009,-0.224742272677907,3.88613159149540,0.468404907882039,2.71969670648853,3.91839245371363,1.38469563975619,4.09274584085840,4.30785722047535,4.71690014993140,5.83438092290389,4.80569564871453,5.48899053283146,5.32433381221731,4.74507102689809,2.34020708478363,5.35875403610379,5.98384775341872,6.59745511794258,5.62169650237982,3.30161825193825,3.80060941805724,2
4.42168380669784,4.10323007557931,3.17241124314224,5.80271961056427,3.53637662034366,4.96822751306591,4.21242936754430,5.05355055603978,3.72151905347925,4.48271969728421,4.42865247601394,3.98062775348698,2.02378853389947,-2.30258509299405,4.12227827055000,0.151986356997882,3.06975708908216,3.82828702890496,1.06827708887204,3.70733441848730,5.46272624354448,5.36692211460687,6.32785362710364,5.07561027410451,5.14241894377662,5.43010101622840,5.54333858951311,4.49579177885157,5.79211880457763,6.35856228372281,6.25342575731444,5.72603972497930,5.12872009941846,4.54643551167032,2
4.92319297549255,4.88298655501450,2.31803719755297,5.45931177639762,3.61732018168323,4.82492275405974,3.61732018168323,4.24471598468039,3.85848223850012,4.51526177488919,5.27986791943128,2.44320034050697,2.09489364623876,-0.390013003549243,2.94219150662596,1.21942490888486,3.75312172284229,5.79825111953335,2.09489364623876,4.06433429270427,5.70581155888298,5.62370215249356,7.13778098417220,6.52571044508207,5.53691302242117,5.72145433595344,6.00022766351611,3.90044643759915,5.61634015605249,7.25538469587939,6.57033472555207,6.01686698252007,5.04806630537395,3.43862839293985,2
4.78037427501318,4.78037427501318,4.01311912229952,6.36082465057403,4.49269220256140,5.33999006294861,2.54678205350609,4.44390203839197,4.33854152273414,3.93307641462598,4.58366398076713,3.75075485783202,2.14131694539792,-2.30258509299405,4.62622359518592,1.44816976483798,3.75075485783202,4.62622359518592,2.14131694539792,4.94467732630446,4.08722709445324,4.84936714650013,7.19117295264746,6.61865375987613,5.83019639951186,6.01251795630581,5.63782450686440,4.01311912229952,5.37999539756230,8.11002450538329,7.44710632678466,6.55411523873856,5.25483225460830,3.75075485783202,2
5.39127736900741,5.83004967513334,5.41244218019945,7.23682256759677,5.27816256456958,5.68562169128461,4.99645065910430,3.33822258250077,4.20322001998737,3.74368769060893,5.66142696269755,2.64507540194082,2.46275384514687,0.853315932712767,4.46423384535699,1.95192822138088,4.01031635386288,5.47337473119461,1.95192822138088,4.95595929774956,4.77528926899408,5.39127736900741,6.96367400976116,7.67005181330774,5.95926140661335,5.60258646267462,6.23551478324151,5.40191576721246,5.08014967798095,7.47071891068724,6.76816937744891,5.82312923228877,6.24466816522799,3.10460773131926,2
5.47974546784365,5.05879799558711,3.40587497121327,5.56279182506139,3.94301790329663,4.91241846048473,3.67674992534867,4.44339956790154,4.30874268275528,4.08784885117509,5.14438992592251,3.31278454814725,2.08411913123095,0.697824770111056,4.18417996011352,1.39097195067100,3.36041259713651,4.27204131590485,1.99710775424132,4.37833597455448,4.97449088912711,5.84143574689811,6.55670985231990,6.51592750179656,5.56792004142831,5.77299858534488,6.27881166728733,4.44339956790154,6.00278667937776,7.06372231607947,7.01257981713819,6.11540555748591,5.73477737252469,3.99366163611539,2
5.55291005054475,5.42774690759074,3.30161825193825,5.93011582133851,4.86900792812886,5.69951352473663,5.09826770646050,4.67309752727300,4.11906314917578,4.93431302653662,5.38105979361809,3.76424177388637,2.99413355219029,-0.224742272677907,4.05192384633815,1.38469563975619,4.52884791842846,5.66690193914786,1.97248230465831,6.17551517263091,5.75667193857657,5.55600124311442,7.24320005960795,6.52401727481377,5.15515508086255,5.22629618088779,5.82026304135811,3.76424177388637,5.37367968632047,7.41586155371573,6.12962776811944,5.76672227443008,4.48478792863443,4.26389409705423,2
5.70518205501062,4.93199216677714,2.75724044529298,5.38190903745614,4.37992358447710,5.14294044499753,4.19232497058230,4.07454193492592,4.07454193492592,3.94101054230140,5.44735294570852,3.60453830568019,1.65862815662487,0.0491902441907718,4.05652342942324,2.12863178587061,4.03817429075505,5.02592398661135,1.43548460531066,3.87783164067987,4.03817429075505,4.16006410836408,6.65719086948686,6.98844419023228,5.55452178012313,5.43826197400727,5.35249515224985,3.18468446011992,4.32585636320683,7.48757377423508,6.96887409403818,5.93251263267905,4.28329674878803,4.25388286358174,2
6.07287993859349,4.62286976308749,3.06472514504094,6.47146270707871,4.79932620042905,5.19493901209420,3.98101587691510,3.62434093297637,4.26869794936688,3.62434093297637,5.67356869605970,2.88240358824699,1.67843078392105,0.579818495252942,3.83791503327442,2.65926003693278,4.10617901986910,5.04572661390753,1.67843078392105,4.16333743370905,4.24338014138259,4.45101950616083,6.92720770490895,7.84664584277353,5.97798119677070,6.13664655695248,5.66122286023741,1.67843078392105,4.60517018598809,7.00468751915833,6.21460809842219,5.69180628360949,3.52425747441938,3.35240721749272,2
6.05259180778898,6.40119405400260,4.22502288586422,6.23992590640648,5.97964280814282,6.46306945772069,5.42272607717656,5.21363427931800,4.39687314279088,5.69376091619518,5.83446079829832,3.85032943642281,3.15718225586286,0.759286983064490,5.37440749990575,1.85789927173260,5.64963611128624,6.32763148682559,3.80380942078791,6.35399836266633,7.39916281689103,8.24140590661661,8.69200801054644,6.83233151716490,7.49149768953170,7.08722376679369,6.37241508945256,6.71771167609427,6.22311878809010,7.71963471216580,7.53007640697347,6.07740697690871,6.30446442754405,4.09149149323969,2
5.02615799383676,4.77416628818490,3.07549724202285,3.73474287090712,4.54183431081628,5.22725944528232,4.82179433717415,4.16293623009284,3.43549997605426,4.11695111685101,4.72415586761024,4.03100868705029,2.44688858260048,-0.325700139639302,4.23864805182854,0.367447040920644,3.54550087126859,4.37478022615311,1.62021000941601,4.25926733903127,4.93179523238848,4.95750358909869,6.23956483039606,5.59319371463385,5.79239705840205,5.51784427739206,4.55710178294707,3.04159569034717,4.87279689162652,5.73342305594250,6.25355107237080,5.47641823573776,4.40168767907304,4.32826021051822,2
6.04889659619386,5.17806823839646,4.23360662955561,7.06260944107548,5.30812136664466,5.88500874108874,4.92675381011555,3.79177387727657,4.07945594972835,3.99244457273872,5.35574941563391,4.07945594972835,1.59454929994035,-2.30258509299405,3.79177387727657,2.69316158860846,4.63907173766377,5.35574941563391,3.38630876916840,4.99574668160251,4.99574668160251,5.42319069642945,7.14750888486197,7.20402109512531,6.01338990773695,5.58353334650462,5.84304454198971,3.67399084162019,5.50657230536850,7.43227974710629,6.89785420799943,5.68889386216245,4.68559175329867,4.53898827910679,2
4.06420194620057,5.96899915257829,3.14414473153093,4.98049267807472,4.19443844292823,5.23530973690683,4.38333897082023,4.61410368041551,2.55824308132459,4.88923442847836,2.83741446410846,4.22049854959810,1.37107739531503,-0.826147182021189,4.78149143208211,-0.420682073913025,3.77902300396690,4.55605166850755,2.00706616203503,3.69564139502785,5.66836280153382,5.35490413287216,6.85610482321722,1.91469284190401,5.59709978151233,5.29415023692976,4.06420194620057,3.84668165244072,5.54546466521067,6.79969176281093,6.43191279389184,5.00866355504142,4.34433681301696,4.69130571444352,2
6.64891955952223,6.35778495589742,5.04390317234601,7.27723275432434,5.38352171465658,6.10505789847922,5.02159741483171,4.68512517821050,4.48795711329955,4.22559284883205,5.74801938427653,3.56523549109510,2.61615493639795,0.824395467169899,4.98327855052957,2.77030561622521,5.15512880745623,5.74801938427653,2.52914355940832,4.43531337981412,4.60858510108816,5.56932759553315,7.44246667102958,7.70117594185261,5.42455311133445,6.11518456729714,6.53482248454477,4.63105795694022,4.96753019356143,8.17040567708319,6.56257936854343,6.40034457031622,5.45425826574836,3.86891790489332,2
4.88573479067101,5.44330767697663,2.98861480578513,4.26158048159801,4.17092611332988,5.25236006546291,3.84606503763635,5.42681245760752,3.37807957254685,4.82309921967952,4.09513227396035,3.47045289267787,2.24667746105575,-0.749054812498241,3.88567417573139,0.860383099935859,4.30080119475130,4.83067501348798,1.44816976483798,4.38084390242483,5.60183090421650,6.05445044511010,6.97494984417782,5.02859751072442,5.67419215103528,5.40580328151818,5.22220702729222,3.83591266617233,5.83987166503528,7.65564134769085,7.28330533542626,6.15368792466035,4.73988291365845,3.87591800078603,2
5.59653694430260,4.60517018598809,3.30022146432215,6.22807631547306,5.92126028843473,6.61667761752922,5.72612977334820,5.35594647938467,3.74650856695057,4.35627413857147,5.57105785900162,0.527632742082372,2.92552801488074,1.22077992264232,3.74650856695057,2.13707065451647,4.37778034379243,5.64562655449913,0.527632742082372,4.81809218323076,6.20438654435065,6.70557685613297,5.95697837103681,6.12975156296207,5.76937975714202,4.84512085561868,5.22811310787479,3.09258209954391,5.66929629858503,5.88892490779180,5.97437011374868,4.79031261912369,4.74714044725848,2.60707428376221,2
6.39602508708572,6.07095069431077,2.53830742651512,4.33006689574317,4.25595892358945,5.12499677061306,3.45459815838927,5.21245607594164,4.84089251950916,5.06973409193801,6.42427975474332,2.46419945436139,3.03474431282901,1.28554445801975,4.29369925157230,2.20183518989390,4.75128036081947,5.44442754137942,2.38415674668786,5.44832618179508,5.20255500495893,5.77418082775189,7.62502153848781,7.51208112730721,5.62609784448705,5.76003632036572,5.83149528434787,4.28127673157374,5.29287764325222,8.05375027205180,6.90956196420709,6.35758838024465,5.26054226260928,3.42561062151602,2
6.35568669668210,6.24690904321051,5.87510095810583,6.69622334408838,5.46963584999766,6.11651627565599,4.75498246421675,4.62764304184015,4.50986000618377,4.78707077876825,6.02620749555186,3.27771632489113,1.84263179960181,-2.30258509299405,4.81816136583828,2.43041846450393,4.37632861355924,6.12207184550059,2.87225121678297,4.39207697052738,5.27014648958134,5.06150762447001,7.74198105780199,7.57273158257539,6.25664148012874,6.08251866711457,5.96329367014129,4.53725898037188,5.13846866560614,7.88811093501603,7.18400865561030,5.99524526994789,5.46963584999766,3.92207334128165,2
6.14517284692360,5.54087900371935,4.53130033742164,5.44759106929579,5.75507576904375,6.43837065316069,5.82145083798862,5.03543697303683,4.30815678610743,4.69492976120344,5.53274887763610,4.71362189421559,2.97592964625781,0.0314906670913707,4.54235017360822,1.64092857952547,4.03882385232384,4.74102086840371,1.13010295575948,4.33555576029554,5.44759106929579,5.53682220302373,6.74201377654380,6.42005207263700,6.04275784149553,5.75507576904375,5.67693756473461,4.09193367763779,6.09294758601939,6.51153522901802,6.61904068191617,5.53682220302373,5.45202566636366,5.04212596118763,2
4.53677674506008,4.86032473070035,3.26701620019614,4.07349206606309,5.16613418774469,5.21862437036609,3.96016338075608,4.95341515376637,3.57450089994410,5.18393881237820,4.59143515759794,3.41543620531441,2.12758191700777,0.0481403753279350,4.45485962259219,0.0481403753279350,3.41543620531441,4.54795004565820,2.12758191700777,4.20702345868761,5.13573671056032,6.09787383055989,7.49938206031561,5.47309039280934,6.42656655897952,5.98038556277595,5.40943254103736,4.55899988184479,5.20143196982571,7.45969666313910,7.35332859072097,5.99878292791566,5.04535264909205,3.85480286509825,2
4.30185015668378,4.63728666043146,2.80858367601172,5.30152249749699,4.35133021394715,5.11759965933606,4.27987124996500,4.37854277747203,4.15371996463810,5.07504004491726,5.70609832142027,3.15878610544484,2.14718519376636,0.0677436520865194,4.75449382506703,0.984034383960675,3.73130529821617,4.53938244545009,2.26496822942274,4.94294097528767,5.29617489117039,6.06915853004767,7.60410759049103,6.91998622113840,6.07532758107439,6.11629716617863,6.13732597845845,5.20647894881009,4.99499733724372,7.74699507803958,7.05615683408611,6.11274896612253,5.88782658243888,4.06594435375572,2
6.98610386860343,6.07394925843707,5.29259605956443,6.32630546199711,5.21152823647565,5.34450391916645,3.37894677272734,4.71540876009935,4.53162628266572,3.96981510416686,6.08328639443301,1.74133798332654,2.28033448405923,0.488575014831171,4.59121837986797,3.50899990097553,4.56611245873689,5.39754665515093,3.19662521593338,4.07209395328728,4.22624463311454,5.05292320629901,6.98760989298447,7.81009420473617,5.67596082067193,5.68983066853608,6.56621725818021,4.15213666096082,4.62374157157353,7.72275219458102,6.62197305782782,5.80424101971382,5.41944534045856,3.48430728838516,2
6.32468474834282,6.35673877463290,4.03182420524077,4.80252962014659,5.22280981403989,5.17254797925900,3.16278635821716,4.18135593921173,4.50986000618377,4.12419752537178,5.18280447942619,3.64235943847904,2.20727491318972,-2.30258509299405,5.09764667108589,1.98413136187551,4.54908071933705,5.74533147756907,2.90042209374967,4.90190209395979,5.00455624801987,5.18280447942619,7.69207184668038,7.54095942357505,5.97311540843979,6.37238854630003,6.54587198993627,5.76262297467913,5.45764940511729,8.14322675036744,7.18676347828914,6.73340189183736,5.97311540843979,4.12419752537178,2
4.26139864688527,2.99573227355399,1.98413136187551,3.96513283074209,3.77589083110357,4.94164242260930,2.38959646998368,2.67727854243546,2.90042209374967,3.08274365054362,4.44798460246568,4.42647839724472,1.29098418131557,-2.30258509299405,3.23689433037088,0.597837000755620,2.79506157809184,4.31140906745993,0.597837000755620,2.99573227355399,4.54908071933705,4.26139864688527,5.81277275836461,5.83427896358557,5.95912916646505,5.46537145121120,4.90190209395979,3.16278635821716,5.24222789989699,5.30736720206795,6.08677472691231,4.88829644190401,3.89367386675995,4.50986000618377,2
6.03626269000788,7.07130952892440,4.23877254607084,6.68759532013482,5.12945070208827,5.65896845886641,5.20658643097049,5.51265733959549,3.06870129342058,4.69284535324438,3.17406180907841,2.41192175703151,2.71730340658269,-2.30258509299405,4.99861110112945,1.71877457647157,5.74157198740162,5.77180098936294,1.71877457647157,4.77007670118037,5.36385140792711,4.82272043466579,6.44742581923068,3.86720898963835,5.03035979944403,5.31019869443479,5.54430555054627,4.26150079714839,5.19339942668854,7.61945440270744,6.88192656310343,6.15974374677890,5.54118542321003,3.64406543832414,2
6.26652529799640,4.75925228106171,3.32663384826758,6.38663521011365,4.20066477085186,4.86830965860087,4.22201789532243,4.28347067453609,3.29154252845631,2.95507029183510,3.50029734231842,2.48506666258937,2.48506666258937,-2.30258509299405,3.05038047163943,2.31071327544459,4.08647240332620,4.65068590051025,-0.0406619817188897,3.69700763656448,3.89116365100544,3.70884209421148,4.27013714366662,3.96667120351358,4.69553646667561,4.51846426576780,4.41368531453462,1.90524816733642,4.99303858530836,4.99629062069474,5.79852512994351,5.00276313520036,4.12600324208284,3.13739184862906,2
4.84393511820526,5.27571753463080,1.88742355780455,4.70696926313210,3.84426277739205,4.17450446426263,2.61831106634734,4.04986201905535,3.49686147023865,5.01620633914571,4.58516438924790,2.26691317950945,1.72036947314138,-0.677525799656989,3.29276611389513,0.421086489011121,3.79981101482122,4.20527612292938,0.421086489011121,4.45827263739327,4.44643817974627,5.20300718674371,6.75732207555501,4.98195641610263,5.36272891162043,5.73593315751037,4.73857460254743,3.76512545683333,4.37872000569132,6.00833514741137,5.54306437044275,4.90972285874326,3.89718517884639,3.32980738557548,2
4.38202663467388,4.85203026391962,4.02535169073515,6.31064528661913,4.18357569595004,4.67469624863670,3.64805745959368,4.67469624863670,3.24259235148552,4.08092154188996,3.90399083373088,2.95491027903374,1.16315080980568,-2.30258509299405,4.58087749341905,0.470003629245736,2.77258872223978,3.90399083373088,1.85629799036563,3.46573590279973,4.40182926197006,5.34520095244689,6.49586960307105,5.00260312239899,4.91265488573605,5.02388052084628,5.29028519485077,4.47733681447821,4.62888671260541,7.50527222852683,6.65415252018322,5.92958914338990,5.32203389316535,3.36037538714190,2
6.23843766125518,5.13825428035502,4.59385236105543,7.73040646049662,5.61061362329322,6.20491496921653,6.57849172395787,4.59385236105543,4.80554852652929,4.40664081896728,6.18026294021822,3.21565521016816,2.67203976357918,0.474815186242958,5.37265498619387,2.82619044340644,4.55235263014868,5.49540081119238,2.55425672792279,4.39678852252427,5.06993503637755,5.26230692902500,7.30784691902916,7.82243700005059,5.44462848581896,5.80026122017925,6.03357188884890,4.01577451028027,5.09487398472480,7.92547598245450,6.22738782506859,6.02389127113818,4.96905381152377,4.18838725294727,2
5.76947181747951,5.03390392103561,3.35547313711456,5.85221424454956,4.42998787420361,4.75946707533385,2.91364038483552,3.97451234552078,3.45725583142450,3.35547313711456,3.76093824522272,2.10271016861919,2.22049320427557,0.0232686269393543,3.68683027306900,2.10271016861919,3.91508892504998,4.70539985406357,1.63270653937345,3.91508892504998,4.71461650916850,4.92110842689027,5.44380362621164,4.83545298231177,5.59542265911712,5.17076310375281,5.85807936400196,3.63418653958358,5.72036211344476,5.73037889168823,6.53203776391104,5.07951443228766,4.71461650916850,2.79585734917914,2
3.64773751078276,3.13691188701677,2.03829959834866,4.10726984016120,3.77290065373677,4.34088469134271,1.49930309761597,4.79513996362030,3.36005543833098,4.22622178302257,4.57067278537559,2.73144677890861,2.11834230602220,0.246540129120606,3.56072613379313,0.652005237228770,3.26696501526497,4.18812193679030,2.26144314966287,4.71817892248417,4.39758003501925,5.03818988205132,6.23675389432694,5.40559542833513,5.75187166505297,5.15919501485666,3.88412628884699,2.03829959834866,4.71244824777519,7.32866879504752,7.46104454327175,5.54485749566864,3.13691188701677,3.52368486211278,2
5.82845393522712,6.42711027236614,4.85307428698295,6.20621644078594,5.40645952516774,6.11818309130062,5.64940570377813,4.52094045196034,3.79702161273364,4.39172872048033,4.15992710642301,3.85764623455007,2.63387080292796,-2.30258509299405,5.25853939509112,1.02443289049386,4.28252942851534,4.83109538026418,1.71758007105380,4.57978095198327,5.24394059566997,5.62960307648195,7.34879185287517,6.02164516425797,6.08702792352083,6.03506818459011,6.43160466195398,4.71331234460780,5.52424256082412,7.70277500514819,7.45576397242734,6.65564467231522,5.35516623078019,3.85764623455007,2
5.13691707491472,5.37608068541312,3.16902801914063,5.17350652234701,4.70469978133512,6.05692758789141,4.32521015963022,5.11175851527857,3.50550025576185,4.60938960153080,4.44376989435478,1.76026080216868,2.85887309083679,-2.30258509299405,4.31819258697157,1.15412499859837,4.18264709497535,5.09893782684951,1.30827567842563,4.25271465759207,5.05945901587572,5.14619071170005,6.14115042705549,5.08267730597773,5.67410033852323,5.36130209131700,5.33617514123958,3.23356654027820,5.28394394901413,6.44323342606110,6.74635498734882,5.80011717910672,4.28961921452752,2.79635273385546,2
4.46174810880788,5.13665770181804,3.17840171694043,4.57550699416453,4.56469607806032,5.04685380695674,3.70646914714092,5.40419966672070,3.17840171694043,5.22469105130336,3.53941506247776,3.56926802562744,1.98881765006659,-2.30258509299405,4.23256224303770,0.0429075010112766,3.30100403903276,4.05024068624375,1.42920186213117,4.27701400560854,4.83869804660802,4.53154387074342,6.86073807246543,3.91410851191917,5.04011977477539,5.60742790833397,4.85509185638369,3.47689470549642,4.87918940796275,7.86053294406465,6.67754085887296,6.41109468736177,4.47372429985459,4.24760012040224,2
4.82710673655227,5.33211839045284,3.48337198985117,6.26632349912650,4.94970905864460,5.76158849182826,4.61835192269016,5.38603215511267,3.23205756157027,4.25656187808465,3.53743921112145,2.99089550475338,2.05933730074843,0.187535123846842,4.72549656014148,1.10382585572100,4.28187968606894,4.78265497398143,1.97929459307490,3.92520474213021,5.28434811418415,5.59470689530696,6.26402992013940,4.64188242010035,5.30253043326734,5.26893948883131,5.38049197473705,3.96029606194148,5.35517416675276,7.15355931095295,6.86020078049637,5.98814178313858,5.38326590161978,3.55483095383332,2
4.81143815497596,4.39178841187584,1.39605613832184,4.49357110618578,3.62453325916217,4.20373618037290,2.22273471150631,2.44587826282052,2.49466842698995,2.49466842698995,3.69864123131589,2.01509534672807,1.24190545849459,-0.549854010733469,1.93505263905453,0.836440350386422,3.47549768000168,4.64864302053236,-0.549854010733469,4.37012691509466,4.57410996866979,5.24315959765067,5.62809010331713,5.43659799455097,5.88629635763596,5.17373109121891,4.62062998430468,2.08920331888179,4.93078491260852,5.15392846392273,6.09523695877218,5.16057300664140,4.03511346793710,3.16371805597084,2
5.21106092155081,4.52210661925090,3.08869433515394,5.94435760164938,4.82329539054205,5.49769202175662,4.74273655382479,4.39750120079546,3.59951995891993,4.03607565409813,5.13468794276623,3.20452615067906,2.73452252143333,0.655080979753489,3.37637640760572,1.99008204648583,4.19893466181717,4.83560323821664,-0.261209752120666,4.43013813010848,5.42237001521802,4.92617605372009,5.61652602965897,5.80257545656694,4.95100491537396,4.71552399029991,4.85378555729983,2.30373960534087,5.01435062730475,5.89470934995285,5.64823095950873,4.52628199066138,3.42766970199327,3.45236231458364,2
5.68303153055116,5.64467066267872,3.95379241830444,4.44626890340224,4.97907343388700,5.40604474721613,4.09487101656435,4.53482230074368,4.46461804207043,4.67679256201407,5.75058968156245,3.63533868718591,2.40319500589327,0.457284856837961,4.34910515494859,1.84357921795785,4.30743245854802,5.34008677942433,1.84357921795785,4.86400410410221,3.09634218645322,2.75986994983201,7.27182775409792,7.17508955186165,5.71478022886574,5.82326087185981,5.25307540243470,3.40172383600440,4.01263291832738,7.53646925144763,6.72448540537932,6.03701468282418,4.53482230074368,3.92302075963769,2
4.88142356261625,4.36400812917120,3.00220478805961,4.40449949052594,4.86152240829895,5.11729366846968,4.02256487982797,5.46262041783931,3.74260485347010,4.77770373641588,5.07354911950683,4.25034881069868,2.34080630581424,0.666829872242572,3.46003788168509,0.954511944694353,3.00220478805961,3.77291020296543,1.35997705280252,4.44341490677561,5.99470604103215,5.98494986608679,5.85793315448346,5.08164632973945,5.00193958712870,4.72727288278899,5.01925603714016,3.12356564506388,6.58393000406169,6.32863227465789,6.26154125184441,5.28852936018187,4.22217793373199,4.77770373641588,2
6.27983890065352,5.31842773349890,2.40517168176915,4.81061416020290,4.26407045383483,4.65646348037564,2.62831523308336,4.44205360903019,3.53118294462537,3.85209066470547,4.80306695456752,3.58382667811079,2.48521438944268,0.613412212541092,3.99780247588687,2.22285012497519,4.07914811534082,5.06192858848381,1.30655939310104,3.92759821721362,4.69094965644681,4.97651083732946,5.64385013393353,5.73439556380621,5.55147681380251,5.20853206267568,5.48478543930384,3.13914085684935,5.83106167602167,6.18746558052251,6.67019622576972,5.37985054612531,5.05016374690422,4.04739941702624,2
4.55415730474441,5.36196739362449,1.96077001196234,4.78660324872093,3.59490053698681,4.76413039286887,3.61899808856587,4.41392796343576,2.71454181433872,4.05571574017814,3.75252948119039,2.18391356327655,1.49076638271660,-2.30258509299405,3.85162038383462,0.574475650842447,3.79335147571065,4.80858215543971,0.574475650842447,4.48649865627059,5.33664958564020,3.75252948119039,6.29806075279483,4.23803729697209,4.53528882044003,4.48649865627059,4.40311704733154,4.38113814061277,4.66045196339403,6.91218594639862,5.70141140063486,4.78660324872093,4.40311704733154,2.36623512007050,2
4.49923606438181,3.99023027733281,1.92880724115565,4.91196073250278,3.87980645971844,4.46589964411422,3.35877666577820,4.47713571738115,3.03925398747076,3.25056308113797,4.47992511946873,2.77099000087608,1.42981607503666,-0.304784980351443,4.12603181849187,1.23566006059571,2.96605058344747,4.12999221970797,1.30465293208266,3.50925761671650,5.51331775133406,5.78047344604290,5.30834312603663,5.54165379470628,5.62391724502022,5.23908953234770,4.80920882673197,1.64112516870387,5.35701742206388,5.45306471557503,6.12116395726581,5.34183908046481,4.89738852564369,3.43288463793193,2
6.96556854106103,6.49014484434595,7.32197847903557,6.81177109331091,5.72177424254842,5.24882510307293,4.75070116448206,3.77953382238207,3.87717229194598,3.25146639218157,4.80272234923294,2.79012082567895,1.62004957302869,-0.577175004307525,3.74031310922879,1.72541008868652,3.72689008889665,4.68032036772026,1.62004957302869,3.85364179453579,4.41325758247121,5.14967274327967,6.75650139135016,6.76106314575806,5.02494381657218,5.16582818350196,5.71068355585426,2.88856089849220,4.78411716140190,7.68589983149507,6.67558741374566,5.68431668001352,4.35007868084968,3.51716955791458,2
5.69652411220588,6.36112191465911,2.38399236762938,4.32990251668469,4.06363453873673,4.77358883761306,3.69966916153532,3.79275958460133,1.77785656405906,2.62515442444627,2.55104645229255,4.08044165705311,1.93200724388632,-2.30258509299405,4.73102922319426,1.77785656405906,5.00997761567729,4.94894172509092,1.08470938349912,2.93053607399745,2.47100374461901,1.93200724388632,4.19078971422197,3.42008429931615,2.18332167216723,3.28193396083534,3.64965874096066,3.74729721052457,3.35339292481748,4.76522058794254,3.51245761944717,3.72376671311438,4.41691389367432,4.34280592152060,2
6.00339989765726,3.63061054598996,2.73679266996786,5.54351439857710,5.53678036639576,5.56344861347792,2.61900963431148,4.84363318583582,5.10391628409948,4.22844754674558,6.23666157913705,3.50998255820135,5.00547621128623,3.63061054598996,5.72135164292373,4.19022633392538,4.65860526744412,5.38768445723013,1.45585882450580,4.94017111287846,4.30076820832521,5.34358913736490,5.49891009234035,6.75916373256488,5.27137092955310,5.09344498423219,6.02228818217746,2.98191512800085,5.87228688589701,6.80771695798187,6.51210462985411,5.50590312783132,5.41476541583280,4.17715425235803,2