0,0+0.28403j,0-0.086226j,0-0.97614j,-0.0088756,0.0020751,0.0072097,-0.017015,0.0041217,-0.013225,0.11489,0.039837,0.34198,-0.19072,-0.0072929,0.17206,0.10231,0.3143,-0.054495,0.14535,0.54784,1
1,0+0.25063j,0-0.085844j,0-1.2968j,-0.012045,0.00022572,0.0060002,-0.010071,0.028592,-0.016691,0.15322,0.034297,0.28426,-0.15168,-0.0019178,0.15579,0.092327,0.29185,-0.02996,0.12778,0.52628,1
2,0+0.2732j,0-0.092472j,0-0.95277j,-0.0088228,0.0025853,0.0062652,-0.018334,-0.01496,-0.013121,0.12226,0.044609,0.32365,-0.17897,-0.0174,0.16888,0.074408,0.30667,-0.032378,0.12152,0.5692,1
3,0-0.1762j,0+0.14835j,0+0.0015318j,1.0861e-05,0.00012238,0.0085311,0.007023,-0.39197,-0.095561,-0.312,-0.066721,0.23167,-0.10826,-0.058863,-0.01974,-0.034174,0.39139,-0.24655,0.24054,0.66792,1
4,0+0.33756j,0-0.14019j,0-1.3339j,-0.010794,-0.0064214,0.0090534,-0.017689,-0.05609,-0.035475,0.046604,0.047838,0.30904,-0.17307,-0.0077608,0.13622,0.086628,0.3223,-0.065213,0.14161,0.54638,1
5,0+0.31048j,0-0.10577j,0-1.1575j,-0.010151,-0.0041095,0.008576,-0.019374,-0.029572,-0.028213,0.074687,0.05063,0.3241,-0.17963,-0.00184,0.13775,0.095703,0.31173,-0.066376,0.14533,0.53696,1
6,0+0.2729j,0-0.068124j,0-1.3902j,-0.0086133,-0.00064114,0.0051815,-0.012994,0.0010754,-0.0034685,0.098963,0.048422,0.30108,-0.17374,0.015505,0.16188,0.10345,0.29919,-0.035725,0.1341,0.51953,1
7,0+0.33215j,0-0.011215j,0-1.4529j,-0.0080857,-0.0032762,0.0032491,-0.010928,0.027799,0.010848,0.089835,0.0023276,0.30622,-0.16472,0.010513,0.18099,0.13208,0.2794,-0.073214,0.14392,0.53064,1
8,0-0.2973j,0-0.31748j,0+7.4761j,0.0080231,0.017277,-0.027971,0.0067915,-0.11437,-0.017226,-0.13496,-0.16232,0.03264,0.02586,0.10976,0.10653,0.25216,-0.046232,0.1345,0.2631,0.78265,1
9,0+0.30124j,0-0.081988j,0-1.2447j,-0.0086522,-0.0028521,0.0088975,-0.011359,0.015059,-0.0049038,0.08512,-0.0023799,0.28607,-0.15544,-0.019923,0.13822,0.087032,0.27422,-0.023758,0.14343,0.54577,1
10,0+0.32334j,0-0.072894j,0-1.1116j,-0.0071931,-0.0028688,0.0033173,-0.007054,-0.0041236,0.0023918,0.043622,0.014997,0.2802,-0.15135,-0.0051878,0.13724,0.088658,0.26316,-0.042253,0.13687,0.53147,1
11,0-0.29576j,0-0.18427j,0+0.0086114j,0.0020267,-0.01527,-0.011382,0.023316,0.22892,0.14962,-0.19067,-0.3463,0.17889,-0.049818,0.053423,0.24104,0.25613,-0.20693,-0.24602,0.25703,0.74771,1
12,0-0.31029j,0-0.31418j,0+7.8021j,0.0088725,0.016127,-0.03066,0.016044,-0.037892,0.013453,-0.15563,-0.18166,0.026987,0.040602,0.087651,0.12979,0.23404,-0.063502,0.13959,0.25565,0.75749,1
13,0-0.43616j,0-0.48872j,0+0.50366j,-0.0080214,-0.003472,-0.003039,-0.0020395,-0.033966,-0.018603,-0.013917,-0.12895,0.14316,-0.06182,0.029961,0.12523,0.13305,-0.074079,-0.19217,0.25119,0.72765,1
14,0+0.30588j,0-0.050432j,0-1.3592j,-0.0052495,-0.007671,0.0079294,-0.026096,0.01148,-0.011096,0.030651,0.074694,0.20368,-0.13734,0.0028905,0.13442,0.088305,0.20819,-0.038553,0.098556,0.51481,1
15,0-0.34711j,0-0.36847j,0+7.7965j,0.0032457,0.018231,-0.010984,0.014669,-0.099811,-0.010808,-0.096028,-0.16906,0.048355,0.014325,0.08088,0.096261,0.23147,-0.038408,0.12917,0.26969,0.76207,1
16,0+0.30833j,0-0.085226j,0-1.3208j,-0.0099009,-0.0044034,-0.0011395,-0.0095208,-0.016414,-0.021059,0.074097,0.031054,0.2957,-0.16295,-0.0067609,0.1499,0.096645,0.2912,-0.058181,0.13318,0.52094,1
17,0-0.44286j,0-0.50715j,0+0.51404j,0.0021673,-0.0018095,-0.010122,-0.023768,-0.10121,-0.047005,-0.063826,-0.13034,0.10323,-0.047132,0.014799,0.11592,0.096773,-0.094081,-0.18665,0.25785,0.70476,1
18,0-0.34021j,0-0.35559j,0+7.4636j,0.0098223,0.017043,-0.026914,0.0030219,-0.064729,0.011384,-0.11187,-0.15972,0.023102,0.044295,0.087956,0.083774,0.23806,-0.054583,0.14131,0.27076,0.76165,1
19,0+0.25068j,0-0.79461j,0+6.5928j,-0.00018194,0.016628,-0.014506,-0.023787,-0.053277,-0.018588,0.080534,-0.0079989,0.19616,-0.087346,0.13628,0.23507,0.33184,-0.014145,0.28524,0.19288,0.66936,1
20,0+0.28982j,0-0.079597j,0-1.1853j,-0.0032217,-0.0030803,-0.0058685,-0.031537,0.00673,-0.010261,0.083364,0.079743,0.2836,-0.16076,-0.0028051,0.12599,0.084613,0.27942,-0.051875,0.13083,0.51188,1
21,0+0.2869j,0-0.11381j,0-1.3501j,-0.0098514,-0.0041131,0.0086152,-0.020522,0.0025033,-0.020693,0.1273,0.016907,0.30504,-0.16268,-0.0084067,0.13852,0.088772,0.3164,-0.036519,0.15286,0.52585,1
22,0-0.52223j,0-0.53413j,0+1.1907j,-0.0036594,0.010989,0.0032902,0.001053,-0.036646,-0.0060936,0.074143,-0.059755,0.191,-0.094273,0.0022651,0.13677,0.11166,-0.04018,-0.18022,0.25683,0.70684,1
23,0+0.27806j,0-0.095987j,0-1.1445j,-0.011833,-0.0067088,0.0019064,-0.0064947,0.049264,0.014122,0.09023,0.05814,0.28278,-0.15182,-0.010591,0.13567,0.093559,0.27968,-0.046438,0.1215,0.51793,1
24,0-0.29212j,0+0.31315j,0-0.0030119j,-0.002197,-0.0012373,-0.0091693,0.015076,-0.027593,0.029078,-0.095061,-0.026894,0.14285,-0.05252,-0.03204,-0.035772,0.0067125,0.29157,-0.19951,0.20085,0.62554,1
25,0-0.27317j,0+0.33756j,0+0.15151j,0.00057388,0.0057286,-0.0045406,0.012907,-0.09654,0.0016397,-0.095424,-0.043368,0.17157,-0.073065,-0.037302,-0.0049115,-0.0013017,0.29516,-0.20598,0.19968,0.64068,1
26,0+0.26634j,0-0.058559j,0-0.79192j,-0.0046819,-0.0069508,0.0044909,-0.017088,0.086073,0.029857,0.054756,0.0095811,0.23975,-0.11965,-0.026843,0.15231,0.088801,0.22155,-0.037092,0.12345,0.5072,1
27,0+0.25434j,0-0.068184j,0-0.95907j,0.0049045,-0.0035084,0.003036,-0.009143,0.018082,-0.024971,0.1182,0.06087,0.33442,-0.18187,-0.0018672,0.16121,0.11788,0.28864,-0.061787,0.11393,0.53266,1
28,0+0.23214j,0-0.10168j,0-0.60546j,-0.010353,0.013872,0.0062924,-0.022378,0.045249,-0.020863,0.18789,0.075995,0.32884,-0.1981,-0.022841,0.17618,0.085243,0.31329,-0.036499,0.13625,0.52504,1
29,0+0.21709j,0-0.081009j,0-0.52335j,-0.010511,0.014618,0.0067471,-0.024302,0.062184,-0.019063,0.2043,0.073635,0.35274,-0.20974,-0.023328,0.18382,0.093641,0.3195,-0.043117,0.14101,0.5253,1
30,0+0.1804j,0-0.030518j,0-0.010692j,-0.00326,0.013531,0.0095522,-0.034143,0.097131,-0.039411,0.3638,0.141,0.49159,-0.26833,-0.016631,0.24433,0.13496,0.39518,-0.049332,0.14119,0.54639,1
31,0+0.21273j,0-0.033788j,0-0.34119j,-0.0014598,0.0063811,0.0059281,-0.021086,0.047752,-0.029666,0.26239,0.093691,0.40516,-0.22489,-0.010881,0.20594,0.11518,0.34725,-0.041089,0.13556,0.5438,1
32,0+0.2248j,0-0.080811j,0-0.76633j,-0.0093075,0.013682,0.0034662,-0.02682,0.038305,-0.020727,0.21286,0.064726,0.38949,-0.21321,-0.029302,0.23805,0.05379,0.34122,-0.020912,0.085625,0.64014,1
33,0+0.31304j,0-0.047963j,0-1.4793j,-0.008476,-0.0059333,0.0058702,-0.014627,-0.00087647,-0.023254,0.046268,0.036319,0.24729,-0.13496,0.00030868,0.14509,0.097511,0.24617,-0.050847,0.1255,0.51396,1
34,0+0.2432j,0-0.10035j,0-1.2388j,-0.006091,-0.0035934,0.018722,-0.027269,0.011873,-0.013327,0.10488,0.067734,0.1803,-0.13017,0.0017948,0.14131,0.067764,0.23797,-0.019337,0.12798,0.49776,1
35,0-0.39632j,0-0.33617j,0+7.8156j,0.020137,0.017611,-0.033606,0.025921,-0.056712,0.0012645,-0.061273,-0.13389,0.028388,0.057322,0.11073,0.092263,0.23959,-0.04949,0.15074,0.24484,0.70699,1
36,0+0.19278j,0-0.039128j,0-0.50527j,-0.0044627,-0.0066291,0.00735,-0.015766,0.0053174,0.014552,0.03585,0.038822,0.15179,-0.073667,-0.039162,0.093439,0.044534,0.12248,0.019669,0.061011,0.47649,1
37,0+0.18237j,0-0.054694j,0-0.36822j,-0.0040635,-0.003962,0.0059814,-0.011527,0.026951,0.023677,0.067279,0.040723,0.16049,-0.076236,-0.048475,0.082056,0.021749,0.13176,0.036508,0.058492,0.4866,1
38,0+0.17456j,0-0.046265j,0-0.78459j,-0.004962,-0.0070389,0.003341,-0.012056,0.053565,0.041384,0.063577,0.047674,0.13561,-0.067633,-0.014231,0.083291,0.053104,0.12606,0.025483,0.065048,0.48429,1
39,0+0.34142j,0-0.046496j,0-1.671j,-0.010965,-0.0029292,0.0047548,-0.02492,0.043432,-0.022787,0.14567,0.29058,0.018177,-0.051832,0.062547,0.081701,0.076357,0.19604,-0.059376,0.11801,0.50925,1
40,0+0.32802j,0-0.055174j,0-1.3627j,-0.0079975,0.00017802,0.012627,-0.033241,0.097172,-0.011074,0.13628,0.29224,0.040091,-0.064599,0.044694,0.10149,0.081993,0.19256,-0.075726,0.13594,0.51972,1
41,0-0.14634j,0+0.1634j,0-0.0011591j,0.00048038,-0.0047424,-0.012635,0.0010078,0.31525,0.11012,-0.17655,0.4585,-0.17399,0.049386,0.036868,-0.1141,-0.052976,0.28717,-0.28743,0.21455,0.6588,1
42,0-0.18823j,0+0.29464j,0-0.15397j,-0.0023836,-0.00072972,-0.014313,0.0028571,0.15245,0.048892,-0.1058,0.30541,-0.11218,0.046865,0.027715,-0.080247,-0.018262,0.23587,-0.25745,0.19146,0.64936,1
43,0+0.35278j,0-0.030173j,0-1.2885j,-0.0084702,-0.0042044,0.011447,-0.026275,0.084207,-0.011246,0.083183,0.25997,0.046163,-0.051413,0.046241,0.10213,0.083943,0.17601,-0.081912,0.09709,0.51147,1
44,0+0.31561j,0-0.050843j,0-1.1606j,-0.005919,-0.0027441,0.0028462,-0.018549,0.10021,0.035921,0.083836,0.24497,0.063649,-0.069081,0.024315,0.095924,0.075438,0.16941,-0.05835,0.1244,0.50893,1
45,0+0.36248j,0-0.047015j,0-1.1824j,-0.0055141,0.013879,0.011774,-0.017318,0.027135,-0.034098,0.13729,0.26737,0.0055663,-0.042421,0.03778,0.075691,0.049558,0.18978,-0.039595,0.097526,0.52959,1
46,0-0.15208j,0+0.50118j,0+6.8367j,0.0087021,0.02406,-0.021862,0.035344,0.0067815,0.057997,-0.14288,0.10867,-0.14317,0.095792,0.083857,-0.087586,0.096071,0.2698,0.13929,0.17924,0.68786,1
47,0+0.38048j,0-0.12808j,0-1.3695j,-0.0096574,-0.0034319,0.0050171,-0.022791,0.10565,0.0095506,0.10115,0.36163,-0.010735,-0.056477,0.066729,0.053632,0.041664,0.2255,-0.076183,0.12982,0.53325,1
48,0-0.2614j,0-0.19715j,0+0.0066375j,-0.0015174,0.014218,0.0093958,-0.029392,-0.23201,-0.1413,0.26713,0.2984,-0.24866,0.077716,0.19653,0.10085,0.13703,-0.25067,-0.26565,0.22449,0.7434,1
49,0-0.29323j,0+0.29611j,0-0.077321j,-0.0015238,-0.0027804,-0.00037443,0.0031201,0.07363,0.038366,-0.072115,0.1034,-0.048323,0.040561,-0.016185,-0.082099,-0.048309,0.21603,-0.18467,0.17732,0.60938,1
50,0-0.28909j,0+0.33987j,0+0.1823j,0.0009848,0.0049557,-0.0062302,0.015138,0.041319,0.049525,-0.043213,0.074996,-0.070942,0.038554,-0.0081854,-0.076854,-0.060109,0.18657,-0.17846,0.16488,0.60086,1
51,0-0.30061j,0+0.32027j,0+0.040875j,0.0012096,0.0045414,-0.005973,0.0089146,0.065911,0.051523,-0.028869,0.08587,-0.058078,0.029949,0.0013787,-0.077315,-0.053599,0.21051,-0.18146,0.16659,0.60134,1
52,0-0.5001j,0-0.53345j,0+0.68174j,-0.00027947,0.0095579,-0.009222,-0.0052942,-0.039485,-0.01612,0.15833,-0.13828,-0.085451,0.041269,0.0086023,0.0061144,-0.022897,-0.17281,-0.098394,0.18435,0.66296,1
53,0-0.50191j,0-0.54105j,0+0.4887j,0.00068102,0.0069899,-0.016251,-0.0041469,-0.0068464,-0.0071031,0.14578,-0.13892,-0.092713,0.061473,0.010788,0.0010934,-0.01976,-0.17328,-0.10148,0.16862,0.66145,1
54,0-0.32381j,0+0.29189j,0+0.34515j,0.0071334,0.0025192,0.0041585,-0.01086,0.048561,0.058617,0.027231,-0.040564,-0.062379,0.046145,-0.048867,-0.14449,-0.13738,0.18181,-0.11502,0.14156,0.59523,1
55,0-0.37357j,0-0.37008j,0+7.8062j,0.018677,0.031246,-0.022639,-0.0025201,-0.010809,0.026706,-0.012289,-0.1396,-0.16516,0.11017,0.092454,-0.0047924,0.10659,-0.13834,0.22793,0.19351,0.71235,1
56,0-0.20712j,0+0.12543j,0+0.00078444j,-8.4832e-05,0.0055118,0.0017925,0.00030748,0.065284,0.0020065,0.38968,-0.39917,-0.17037,0.16225,-0.087118,-0.27617,-0.29743,0.27755,-0.13004,0.1473,0.63232,1
57,0+0.2543j,0-0.1798j,0-1.1933j,-0.011797,-0.0067694,8.8696e-05,-0.0065,0.054074,-0.034255,0.30869,-0.11021,0.026279,0.014164,-0.033268,-0.047047,-0.091176,0.1845,0.046374,0.039895,0.48237,1
58,0-0.39263j,0-0.32513j,0+7.8279j,0.0058141,0.019718,-0.024976,0.033576,-0.061183,0.025127,-0.11788,-0.099339,-0.13384,0.084467,0.10423,0.060563,0.20349,-0.1424,0.17764,0.18289,0.68193,1
59,0+0.12155j,0-0.035369j,0-1.1715j,-0.00033058,-0.0055263,0.0044765,-0.0007027,0.0037291,-0.035172,0.15049,0.029046,0.026824,-0.056188,0.035621,0.051101,-0.0023944,0.11409,0.071944,0.01186,0.42476,1
60,0+0.15952j,0+0.010228j,0+0.044191j,-0.0028391,-0.012621,-0.0024928,-0.0084573,0.0060844,-0.022005,-0.021841,-0.041745,-0.13496,0.095358,0.22613,0.032426,0.28983,0.37988,0.63675,0.15079,0.53714,1
61,0-0.56094j,0-0.37435j,0+4.1691j,0.0028503,0.0040518,-0.0092803,0.005282,-0.06685,-0.020598,-0.063675,-0.17996,-0.22345,0.16917,0.21097,0.012724,0.2653,-0.065327,0.38993,0.25606,0.69719,1
62,0+0.053365j,0-0.17676j,0+6.2605j,0.022615,-0.0099658,-0.059617,0.070729,0.43291,0.21422,0.20579,-0.91397,-0.16348,0.23246,0.065369,0.0092608,0.15282,-0.11621,0.03517,0.27098,0.75831,1
63,0+0.42228j,0-0.47801j,0-0.84176j,0.0072938,-0.0198,-0.030534,0.018951,-0.073544,0.018955,-0.12141,-0.20915,-0.44765,0.3423,0.37512,-0.028294,0.39572,0.29447,-0.0459,0.42929,1.0252,1
64,0+0.12713j,0-0.085914j,0-0.73111j,-0.0037827,-0.0074365,-0.0011447,-0.018379,0.021487,0.0081941,0.098174,0.086494,0.06752,-0.030863,-0.032637,0.011918,-0.0012449,0.071138,0.051626,0.06547,0.41664,1
65,0-0.51594j,0-0.36546j,0+8.0966j,0.012251,0.012944,-0.04029,0.021255,-0.096282,0.0065032,-0.095348,-0.20576,-0.16502,0.12266,0.097132,0.0015214,0.11931,-0.20887,0.24933,0.15658,0.59706,1
66,0-0.56154j,0-0.32836j,0+7.8393j,0.016513,0.011601,-0.023541,0.019824,-0.064097,-0.001788,-0.088358,-0.14394,-0.16689,0.12266,0.10436,-0.030771,0.1584,-0.22906,0.26027,0.1726,0.58257,1
67,0+0.1684j,0-0.050873j,0-0.92166j,-0.018537,0.00070127,0.017811,-0.0070369,0.014491,-0.033083,0.14445,0.057122,0.074822,-0.058032,-0.001864,0.054741,-0.030369,0.11057,0.036834,0.056456,0.43994,1
68,0+0.22931j,0-0.36445j,0-5.0766j,-0.010503,0.029899,0.031229,-0.033327,-0.95789,-0.34636,0.38039,-0.20698,-0.21947,0.16331,0.082473,-0.20475,-0.037705,0.21148,0.25936,0.24796,0.86826,2
69,0+0.21364j,0+0.64262j,0-6.2804j,-0.00701,-0.016826,-0.0049623,-0.0077341,-0.0086057,-0.0021376,0.039278,-0.058604,-0.11479,0.070665,0.23769,0.1935,0.34044,-0.26472,0.32931,0.20227,0.79992,2
70,0+0.64231j,0-0.33781j,0-6.2021j,-0.0034548,-0.014158,-0.015609,0.0070992,-0.0097858,0.032363,-0.10012,-0.083755,-0.21913,0.16749,0.14535,-0.12093,0.087929,0.23051,0.019492,0.35414,1.0274,2
71,0+0.52601j,0+0.34476j,0-0.39281j,0.0043816,0.014656,0.015357,0.014152,-0.68663,-0.1417,-0.32322,-0.084104,0.20694,-0.11537,0.022325,0.12237,0.1234,-0.27324,-0.048289,0.23373,0.82517,2
72,0+0.58228j,0-0.19083j,0-0.0092019j,0.0028015,0.0030344,-0.0055013,0.013756,-0.024907,0.014545,-0.12722,-0.080223,-0.1345,0.10336,-0.042995,-0.20732,-0.13826,-0.0086633,-0.32958,0.35439,1.0123,2
73,0-0.24715j,0-0.17552j,0+1.7341j,-0.019898,0.022865,0.0061281,0.0078958,0.0086474,-0.010698,-0.03726,0.06755,0.046209,-0.027807,-0.1116,-0.1024,-0.12776,-0.24456,0.25134,0.047378,0.55324,2
74,0-0.17286j,0-0.12595j,0+1.7982j,0.0043986,0.0097832,0.0053956,-0.0058062,-0.009986,-0.020648,-0.031608,0.032274,0.068421,-0.030056,-0.13064,-0.08212,-0.1288,-0.19948,0.27363,0.048129,0.54687,2
75,0-0.13469j,0-0.11697j,0+1.6922j,0.0044795,0.010642,0.0012272,0.0034207,-0.01782,0.013618,-0.01369,0.045554,0.070657,-0.021351,-0.12394,-0.096015,-0.12702,-0.18974,0.27559,0.047733,0.51275,2
76,0+0.083609j,0-0.13103j,0-5.203j,-2.9016e-05,-0.059913,-0.049547,0.039075,0.94979,0.33375,-0.54112,0.12061,-0.054912,0.036714,0.096474,0.015505,0.20435,0.010642,0.32485,0.19674,0.8048,2
77,0+0.38834j,0+0.34306j,0-6.7953j,5.3313e-05,-0.015525,0.0013504,-0.0030676,-0.70544,-0.089196,-0.34689,-0.10934,0.10575,-0.020072,0.18284,0.14743,0.30256,-0.061563,0.2285,0.24437,0.88408,2
78,0+0.33538j,0+0.65254j,0+0.29988j,0.0032373,0.012417,-0.0064713,0.010448,-0.0082669,0.038472,0.065842,0.0017093,0.0080925,-0.012801,0.055267,0.1638,0.15982,-0.48525,0.055345,0.18541,0.75572,2
79,0+0.18192j,0+0.37804j,0-0.0039341j,-0.0017239,-0.00040237,0.0010839,-0.0079219,-0.01406,-0.016693,0.063344,-0.056429,-0.0038784,-0.012932,0.082149,0.19127,0.19551,-0.63812,0.029448,0.21201,0.79594,2
80,0-0.24456j,0-0.18707j,0+2.0448j,0.007684,0.020925,-0.0042102,-0.0040323,-0.015203,0.027855,-0.024816,0.047287,0.065385,-0.038981,-0.14733,-0.10453,-0.13568,-0.26341,0.27239,0.060772,0.56356,2
81,0+0.35028j,0+0.35861j,0-6.8185j,-0.0011148,-0.017427,0.0062768,-0.008877,-0.68511,-0.13195,-0.36394,-0.12079,0.1092,-0.022084,0.17308,0.14567,0.31394,-0.071191,0.2133,0.27109,0.87729,2
82,0+0.6072j,0+0.059891j,0-7.2721j,-0.0043297,-0.014088,0.0064503,-0.015063,-0.56668,-0.11917,0.15278,-0.55063,-0.02855,0.11174,0.10671,-0.05535,0.10991,0.10945,0.12183,0.29196,0.91755,2
83,0+0.22002j,0+0.63915j,0-6.6804j,-0.0073205,-0.025043,-0.0038766,-0.023848,-0.0057312,-0.03258,0.027969,-0.056804,-0.10463,0.05176,0.23135,0.16356,0.3591,-0.24616,0.29524,0.21146,0.77816,2
84,0+0.47924j,0+0.045005j,0+0.94041j,-0.0086028,0.02262,0.013128,-0.053711,0.037323,-0.049085,-0.093389,0.57161,0.50953,-0.31375,0.030987,0.20628,0.16482,0.12073,-0.23242,0.293,0.93927,2
85,0+0.47429j,0+0.30468j,0-0.50593j,-0.00061085,-0.017289,-0.021688,-0.0097109,0.55415,0.14921,-0.16113,0.4862,-0.14587,0.014399,0.090296,0.041503,0.094111,-0.3219,-0.10407,0.21882,0.80499,2
86,0+0.1502j,0+0.30389j,0-4.9941j,-0.016039,-0.0051851,-0.0092298,-0.084177,0.7202,0.061783,0.2732,0.59215,0.17412,-0.13716,0.24927,0.25277,0.40507,0.1102,0.15789,0.27899,0.92342,2
87,0+0.39785j,0+0.32911j,0-6.7351j,-0.004706,-0.015891,-0.0023,0.010856,-0.68023,-0.13512,-0.34692,-0.13839,0.086072,-0.031638,0.19808,0.16607,0.32086,-0.029137,0.21331,0.23682,0.86422,2
88,0+0.38692j,0+0.65205j,0-0.11016j,0.00079205,0.0087488,0.0011657,0.0077565,-0.0048478,0.020288,0.066258,-0.0082985,-0.0052452,0.0041502,0.070358,0.16405,0.1624,-0.44217,0.031653,0.17897,0.72774,2
89,0+0.25351j,0-0.42143j,0-5.3574j,-0.0090381,0.015253,-0.0064126,-0.061307,0.26096,-0.099334,0.54229,0.37828,-0.58133,0.2831,0.15212,-0.27817,-0.046402,0.16266,0.2221,0.24477,0.84591,2
90,0+0.25555j,0-0.41209j,0-5.3636j,-0.0089788,0.015263,-0.0064367,-0.061153,0.26123,-0.099059,0.54139,0.37897,-0.58129,0.28322,0.15141,-0.27971,-0.047875,0.16657,0.22196,0.24427,0.84493,2
91,0+0.58391j,0-0.27872j,0-5.0837j,-0.017745,0.015077,0.003102,-0.053002,0.14938,-0.059541,0.39878,0.09478,0.22722,-0.067333,0.15566,0.070679,0.20441,0.48796,-0.030736,0.3533,1.0515,2
92,0-0.3155j,0-0.18043j,0-4.3385j,-0.0083614,-0.015529,-0.0087192,0.0014915,0.017035,-0.028901,-0.068545,0.0072682,-0.04168,0.042979,0.044403,-0.038635,0.090094,0.022326,0.50929,0.085569,0.64288,2
93,0-0.043772j,0+0.25608j,0-5.3564j,-0.011997,0.014409,0.012515,-0.054134,-0.39279,-0.24913,0.27031,0.32894,-0.26633,0.10036,0.20261,0.02001,0.19589,-0.12856,0.38848,0.15085,0.70108,2
94,0+0.27238j,0+0.6202j,0-6.9123j,-0.0042688,-0.032764,-0.0072371,-0.043386,0.018729,-0.010955,0.048747,-0.059849,-0.087925,0.068016,0.23937,0.17319,0.36043,-0.23701,0.29941,0.23251,0.76113,2
95,0-0.090356j,0-0.19718j,0+1.2958j,0.0052074,-0.0042997,-0.0019032,-0.024543,0.026488,0.011354,0.012835,0.051651,0.099265,-0.030429,-0.12491,-0.030758,-0.15514,-0.13326,0.25876,0.038496,0.65877,2
96,0+0.16777j,0-0.35421j,0-4.1682j,-0.014211,-0.028552,-0.024739,-0.029236,1.2297,0.28462,0.42999,-0.14138,0.25288,-0.056989,0.02612,0.0011296,0.119,0.39367,0.21687,0.26453,0.89334,2
97,0+0.22264j,0-0.31133j,0-4.0101j,-0.011313,-0.027792,-0.028911,-0.03037,1.2205,0.31841,0.43942,-0.13953,0.24712,-0.052447,0.036578,0.009689,0.12787,0.44016,0.21382,0.24202,0.87692,2
98,0-0.1466j,0-0.058206j,0-0.050041j,0.0027883,0.0089889,-0.0055161,0.012869,-0.021088,0.012651,-0.075251,-0.023361,-0.096698,0.095788,0.093501,-0.042545,0.16324,0.10973,0.72565,0.08606,0.64695,2
99,0-0.1466j,0-0.058206j,0-0.050041j,0.0027883,0.0089889,-0.0055161,0.012869,-0.021088,0.012651,-0.075251,-0.023361,-0.096698,0.095788,0.093501,-0.042545,0.16324,0.10973,0.72565,0.08606,0.64695,2
100,0+0.43299j,0+0.09973j,0-4.8876j,-0.0154,0.026759,0.02714,-0.050127,-0.41006,-0.18113,0.61796,-0.4022,0.37536,-0.10761,0.12148,0.14412,0.22391,0.32027,0.14642,0.31551,0.99106,2
101,0+0.14687j,0+0.27065j,0+0.17507j,0.0066886,-0.031212,-0.01994,0.05348,0.39393,0.21467,-0.26746,-0.32211,0.21309,-0.088123,-0.065153,0.099137,0.076652,-0.27558,0.11629,0.12349,0.62058,2
102,0+0.053958j,0-0.13531j,0-5.2115j,-0.013581,-0.0037988,-0.0073221,-0.059665,0.15732,-0.087179,0.067148,0.82716,-0.42421,0.15546,0.22233,-0.080569,0.13363,-0.0018488,0.3027,0.20144,0.791,2
103,0+0.41313j,0+0.33198j,0-6.4994j,-0.011528,-0.044825,-0.029846,-0.017388,0.54237,0.15016,-0.16559,0.45913,-0.24894,0.09958,0.25633,0.086961,0.29558,-0.10172,0.2042,0.24306,0.86492,2
104,0+0.19408j,0+0.63865j,0-6.7652j,-0.010965,-0.033238,-0.0018734,-0.02627,0.024205,-0.037243,0.034346,-0.063565,-0.10266,0.055293,0.22082,0.1578,0.33369,-0.26833,0.31292,0.2183,0.80088,2
105,0+0.173j,0+0.66672j,0-6.6845j,-0.010337,-0.026632,-0.006146,-0.010577,0.012133,-0.021444,0.049164,-0.064019,-0.10877,0.060694,0.21806,0.16406,0.33538,-0.27447,0.31623,0.21027,0.80358,2
106,0-0.12612j,0-0.15782j,0+1.5327j,0.0081239,-0.0047089,-0.0010054,0.0065932,0.012083,0.0094686,0.036642,0.040941,0.090749,-0.041793,-0.1227,-0.026642,-0.14291,-0.14814,0.25525,0.03274,0.64063,2
107,0+0.43283j,0+0.084463j,0-5.4409j,-0.0033771,-0.015878,0.00095264,-0.063988,0.036019,-0.077604,-0.065778,0.54028,0.40673,-0.23099,0.21391,0.2287,0.38436,0.36885,0.038695,0.29925,0.95291,2
108,0+0.60985j,0+0.0077783j,0-6.54j,0.010938,-0.029718,-0.021402,-0.022416,-0.12106,0.0053683,-0.54141,0.37539,-0.05474,-0.0010562,0.22611,0.074264,0.28997,0.15807,0.082046,0.27624,0.91534,2
109,0-0.094666j,0-0.11456j,0+2.1712j,-0.0023929,0.019432,-0.0018272,0.02192,-0.0012479,0.0094254,-0.018127,0.044515,0.068868,-0.05778,-0.10321,-0.072858,-0.094938,-0.15895,0.22163,0.019801,0.50244,2
110,0-0.094361j,0-0.056583j,0+0.010921j,-0.00046404,-0.012015,0.045279,-0.12017,0.15524,-0.42963,-0.09369,0.065636,0.16789,-0.11784,-0.28938,-0.22124,-0.28511,-0.29428,0.35178,0.081871,0.54837,2
111,0-0.071637j,0-0.093265j,0+1.1735j,0.0050583,0.0018155,-0.015448,-0.006661,-0.0052899,0.0057764,0.0050234,0.06325,0.096428,-0.04205,-0.15619,-0.12234,-0.1836,-0.20289,0.27085,0.040317,0.51146,2
112,0-0.079549j,0-0.079345j,0+1.5147j,0.00049304,0.020847,0.0078919,0.0080779,0.0091071,-0.022248,-0.0020265,0.039332,0.065938,-0.058556,-0.14742,-0.086666,-0.1258,-0.15696,0.26724,0.051515,0.48074,2
113,0-0.086498j,0-0.068652j,0+1.5242j,0.0083653,0.02116,0.0047331,-0.016992,0.012206,-0.015306,-0.0039372,0.036161,0.064589,-0.044567,-0.15443,-0.09684,-0.13622,-0.16827,0.26729,0.045514,0.47612,2
114,0-0.033611j,0-0.11203j,0+0.86351j,-0.0024503,0.0035797,0.0079898,-0.0068783,0.014686,0.012227,0.015683,0.039372,0.093247,-0.040216,-0.12789,-0.10773,-0.14999,-0.11976,0.26165,0.067723,0.49397,2
115,0-0.092725j,0-0.090566j,0+1.5714j,-0.005644,0.014125,0.0047335,0.024288,-0.014379,0.026536,-0.020601,0.058526,0.0914,-0.046029,-0.13233,-0.093104,-0.13231,-0.19398,0.27279,0.032033,0.52478,2
116,0-0.10052j,0-0.086492j,0+1.8845j,-0.0043336,0.014914,0.0043959,0.025141,-0.011422,0.032865,-0.017265,0.078695,0.083594,-0.04272,-0.13539,-0.10031,-0.1355,-0.2109,0.27463,0.033996,0.52081,2
117,0+0.48386j,0+0.13399j,0-6.6462j,-0.014632,-0.0018665,-0.028845,0.0047946,-0.059784,0.29469,-0.033438,0.64259,0.5026,-0.23062,0.14473,0.18008,0.25055,0.30833,0.14292,0.29915,0.99063,2
118,0-0.071447j,0-0.054199j,0+0.27034j,0.0015741,0.0098632,-0.03349,0.082298,-0.10936,0.37372,0.06574,0.15395,0.19632,-0.052422,-0.20651,-0.18744,-0.2639,-0.2527,0.35443,0.036738,0.55645,2
119,0-0.071447j,0-0.054199j,0+0.27034j,0.0015741,0.0098632,-0.03349,0.082298,-0.10936,0.37372,0.06574,0.15395,0.19632,-0.052422,-0.20651,-0.18744,-0.2639,-0.2527,0.35443,0.036738,0.55645,2
120,0-0.080742j,0-0.063356j,0+0.51035j,0.0017314,0.0067536,-0.024249,0.06403,-0.083036,0.30282,0.052651,0.13189,0.17463,-0.047931,-0.19712,-0.17498,-0.23825,-0.24185,0.33896,0.034118,0.5541,2
121,0-0.055553j,0-0.047952j,0+0.47811j,0.0018978,0.0068033,-0.021612,0.061054,-0.094476,0.2884,0.050826,0.12661,0.17878,-0.047897,-0.20027,-0.16983,-0.2544,-0.23991,0.34326,0.030448,0.5499,2
122,0-0.073734j,0-0.074988j,0+0.56555j,0.0021796,0.0077157,-0.022889,0.061002,-0.089001,0.29424,0.056307,0.13802,0.17099,-0.041876,-0.19436,-0.18179,-0.24442,-0.23991,0.33742,0.048764,0.55775,2
123,0-0.060927j,0-0.043201j,0+0.013704j,0.0021672,0.012694,-0.042724,0.10173,-0.13414,0.44573,0.078273,0.17423,0.21657,-0.058044,-0.22298,-0.20046,-0.28295,-0.2637,0.36818,0.036257,0.56002,2
124,0+0.49696j,0+0.13348j,0-6.5289j,-0.01961,0.002183,-0.025385,-0.017748,-0.035952,0.23016,-0.041068,0.62776,0.48336,-0.23367,0.16308,0.19784,0.27255,0.33511,0.12277,0.2933,0.98113,2
125,0+0.48061j,0+0.12797j,0-6.5544j,-0.014176,-0.0041031,-0.022332,-0.0065646,-0.044436,0.24896,-0.041045,0.62913,0.48389,-0.22941,0.15977,0.19472,0.27348,0.32559,0.12766,0.30098,0.98118,2
126,0+0.004016j,0-0.085302j,0+0.7436j,0.0012325,-0.0044862,0.009167,-0.009427,0.023189,0.071495,0.054311,0.056398,0.07613,-0.027832,-0.095054,-0.071458,-0.11794,-0.060869,0.19674,0.054744,0.43989,2
127,0+0.03704j,0-0.057049j,0+0.84945j,-0.0013789,-0.0084854,0.0008026,-0.0039608,0.010901,0.059311,0.056812,0.07025,0.063393,-0.031892,-0.076874,-0.053832,-0.097337,-0.054041,0.17439,0.020788,0.44264,2
128,0+0.048298j,0-0.061241j,0+0.56191j,-0.009874,-0.0033991,0.0046441,-0.0068323,0.016136,0.055174,0.065293,0.06748,0.044128,-0.024191,-0.06765,-0.037921,-0.10524,-0.039618,0.14892,-0.0038002,0.42866,2
129,0+0.038312j,0-0.059062j,0+0.57567j,0.0042859,0.0080378,-0.0035298,-0.013375,-0.0062249,0.02387,0.050151,0.024761,0.077895,-0.025644,-0.084966,-0.02172,-0.12277,-0.046164,0.15494,0.032869,0.37103,2
130,0-0.061556j,0-0.092383j,0+0.93892j,0.0047791,0.0079744,-0.0062192,0.012517,0.011356,0.037718,0.016325,0.076746,0.022901,-0.048547,-0.071537,-0.039547,-0.085443,-0.068277,0.18375,0.02569,0.38588,2
131,0+0.015951j,0-0.074352j,0+0.051705j,-0.0020115,-0.0058734,0.013967,-0.010825,0.033329,-0.00050777,0.045425,0.031291,0.060713,-0.052787,-0.099745,-0.021747,-0.11158,-0.029823,0.16902,0.026832,0.41523,2
132,0-0.010928j,0-0.11403j,0+0.64688j,-0.0028968,-0.0080927,0.013071,-0.00463,0.030673,0.014263,0.036831,0.024867,0.046303,-0.06254,-0.064673,-0.047724,-0.10937,-0.048216,0.17398,0.03683,0.43105,2
133,0+0.05127j,0-0.064526j,0-0.1399j,-0.0064745,-0.017578,0.014598,-0.003997,0.036337,0.064095,0.04141,0.062688,0.06577,-0.04986,-0.053147,-0.036847,-0.053113,0.0058817,0.11148,0.013348,0.36705,2
134,0+0.0091832j,0-0.075644j,0+0.25464j,0.00056324,0.010622,0.0078754,0.029492,0.012936,0.12433,0.04192,0.11183,0.072151,-0.069485,-0.096166,-0.052404,-0.10254,-0.070056,0.16825,0.033684,0.41243,2
135,0+0.0072615j,0-0.0057857j,0-0.018751j,-0.058481,-0.14653,-0.0071863,-0.10535,-0.030743,0.024545,0.014385,0.0041674,0.01682,0.029772,-0.0050287,-0.0193,0.029745,0.01012,-0.048104,-0.69221,0.36827,3
136,0+0.008066j,0+0.0034457j,0-0.0088099j,0.098645,-0.0063396,0.13609,-0.069578,-0.0079428,0.038426,-0.0036169,0.0012424,0.017904,0.036719,-0.0017075,-0.032302,0.052137,0.0014009,-0.051537,-0.72602,0.37482,3
137,0+0.0052291j,0-0.0035864j,0+0.054693j,0.038172,0.097524,0.14598,-0.080031,-0.01704,0.03881,-0.0072232,-0.010097,0.0042057,0.020183,-0.0026925,-0.029541,0.038439,0.0024817,-0.035427,-0.70033,0.37661,3
138,0+0.0074237j,0-0.00025251j,0+0.0011205j,-0.26036,0.31812,0.17268,-0.20536,-0.0055513,0.068934,-0.032018,-0.014005,0.014182,0.056907,-0.0039084,-0.035276,0.061892,0.0055832,-0.055916,-0.77299,0.37931,3
139,0+0.014018j,0+0.0046634j,0+0.06265j,0.11025,-0.014455,0.10087,0.002151,-0.011748,0.0097816,0.0054551,0.0087095,0.01954,0.044295,-0.00046054,-0.018077,0.044528,0.007417,-0.04456,-0.7045,0.3773,3
140,0+0.012284j,0+0.0031606j,0+0.026037j,0.15083,0.020385,0.11331,-0.057745,-0.0046818,0.026935,-0.0056809,0.0026483,0.023561,0.055365,-0.0047146,-0.030004,0.062074,0.007649,-0.053178,-0.75826,0.39082,3
141,0+0.014327j,0+0.0058717j,0+0.052615j,0.084379,-0.0055342,0.068842,-0.031374,-0.015607,0.0162,0.0038765,0.0022432,0.014062,0.033535,-0.0031766,-0.0042933,0.042553,0.01292,-0.04159,-0.67535,0.36749,3
142,0+0.024619j,0+0.0020408j,0-0.11479j,-0.0066034,-0.056046,0.016865,-0.060012,-0.0070067,0.024245,0.00018555,0.0004442,0.019039,0.045947,-0.0032822,-0.016021,0.053959,0.017666,-0.053142,-0.72018,0.39269,3
143,0+0.011846j,0+0.0067303j,0+0.10481j,0.029354,-0.030694,0.015961,-0.045314,-0.023834,0.015335,0.0035652,0.0048067,0.013534,0.027682,-0.0012748,-0.0058187,0.040818,0.012775,-0.041055,-0.70289,0.3783,3
144,0+0.011683j,0+0.0056193j,0+0.060018j,0.10045,0.0017742,0.087657,-0.060702,-0.0061368,0.028317,-0.0043207,-0.00029056,0.013064,0.037555,-0.0044224,-0.027145,0.055645,0.00627,-0.050207,-0.72575,0.37361,3
145,0+0.013352j,0+0.0039821j,0+0.026915j,0.14076,-0.017597,0.11541,-0.040614,-0.003658,0.023858,-0.003638,0.0065668,0.020043,0.056303,-0.001761,-0.022441,0.053878,0.0076978,-0.049564,-0.73025,0.3803,3
146,0+0.011801j,0+0.0058832j,0+0.050849j,0.17685,-0.038572,0.14164,-0.029766,-0.0080147,0.025726,-0.002935,0.0094112,0.024162,0.055906,-0.0024845,-0.022711,0.061005,0.006989,-0.054533,-0.74241,0.3896,3
147,0+0.015147j,0+0.011076j,0+0.068789j,-0.012559,0.011518,-0.017862,-0.02664,-0.00094477,0.0014441,-0.0094707,0.011734,0.014387,0.042986,-0.010738,-0.017355,0.064159,0.0050135,-0.048906,-0.70471,0.37592,3
148,0+0.010551j,0-0.0017463j,0-0.012728j,0.022795,0.00048922,-0.063618,-0.043996,-0.0018622,0.0093956,-0.00081312,-2.1241e-05,0.017759,0.044538,-0.0036567,-0.019406,0.042871,0.0081481,-0.046992,-0.70674,0.37211,3
149,0+0.015244j,0+0.0089964j,0+0.074204j,0.003104,-0.03424,-0.022928,-0.037493,-0.0086354,0.011875,-0.0013923,0.0082019,0.020271,0.052585,-0.005074,-0.017634,0.053777,0.006756,-0.051743,-0.74313,0.39166,3
150,0+0.013356j,0+0.0081572j,0+0.097088j,0.07702,-0.043204,0.083535,-0.017213,-0.021413,0.012749,0.0059556,0.010323,0.021713,0.046942,-0.005048,-0.011995,0.047783,0.009109,-0.047675,-0.7215,0.38629,3
151,0+0.0090571j,0+0.0058411j,0+0.026771j,0.20035,0.031861,0.17612,-0.020817,-0.016476,0.018941,0.0017131,0.0057529,0.019342,0.049193,-0.0024233,-0.019811,0.055434,0.0069586,-0.050827,-0.72447,0.37651,3
152,0+0.0085353j,0+0.0034026j,0-0.017873j,0.033674,-0.09804,0.066275,-0.041116,-0.0073656,0.025233,-0.0012675,0.005125,0.021856,0.047,-0.0088878,-0.027116,0.052753,0.0038919,-0.05255,-0.74618,0.38926,3
153,0+0.010892j,0+0.0047097j,0-0.014571j,-0.011662,-0.18231,0.055676,-0.050861,-0.014373,0.026756,0.001697,0.0075998,0.0223,0.048134,-0.0042047,-0.022821,0.04576,0.0042422,-0.049001,-0.72239,0.38407,3
154,0+0.01054j,0-0.0034795j,0-0.0014408j,-0.12732,-0.46753,0.060869,-0.14362,-0.025799,0.050677,0.0089055,0.0087734,0.024397,0.059382,0.00089596,-0.027105,0.039255,0.0097048,-0.05839,-0.75632,0.39457,3
155,0+0.0058731j,0+0.0011479j,0+0.00072912j,0.090196,0.076359,-0.50354,-0.14544,-0.0040391,-0.035736,-0.011735,-0.0093253,0.025115,0.039358,-0.0010462,-0.016847,0.038713,0.0078394,-0.056406,-0.75304,0.36821,3
156,0+0.020151j,0+0.013849j,0+0.15574j,0.014547,-0.046436,-0.0023924,0.019947,-0.0023877,-0.0099753,-0.0053138,0.015029,0.017862,0.046167,-0.0040651,-0.011389,0.061263,0.0093212,-0.046129,-0.69453,0.37368,3
157,0+0.0095477j,0+0.0023249j,0+0.0010673j,0.36688,0.048646,0.26372,-0.033757,-0.0033388,0.030868,-0.0078274,0.0046088,0.032627,0.074307,-0.0028762,-0.035822,0.071645,0.0073888,-0.059003,-0.78711,0.39408,3
158,0+0.017045j,0+0.001645j,0-0.0026148j,0.021272,0.04141,0.032946,0.25009,0.014019,-0.070655,0.011521,0.014562,0.044527,0.072483,-0.021893,-0.018057,0.052544,0.0078187,-0.047014,-0.70294,0.38247,3
159,0+0.0045161j,0+0.00036181j,0+0.001528j,-0.085663,0.016755,-0.017615,0.54845,0.037774,-0.16348,0.0072292,0.021723,0.04189,0.060637,-0.02785,-0.016129,0.0617,0.00014883,-0.049889,-0.70946,0.38278,3
160,0+0.016406j,0-0.0015133j,0+0.11208j,0.07212,0.0219,0.075942,-0.0063756,-0.0077466,0.013101,0.0049613,-0.0092152,0.012968,0.013179,-0.0041129,-0.015055,0.036834,0.013968,-0.046722,-0.66461,0.34983,3
161,0+0.011083j,0+0.0060613j,0-0.012681j,0.042645,0.024006,0.079318,-0.078898,-0.0096027,0.042976,-0.0036906,0.0018108,0.012441,0.02832,0.0014834,-0.022699,0.044047,0.004039,-0.044703,-0.68789,0.36305,3
162,0+0.0070594j,0+0.00079748j,0+0.10756j,0.012254,-0.033956,0.027591,-0.057722,-0.024201,0.02265,0.0079964,0.0028578,0.0062705,0.016619,7.1051e-06,-0.012576,0.030638,0.007723,-0.043991,-0.66388,0.35132,3
163,0+0.0055437j,0+0.0007916j,0+0.10346j,0.014133,-0.035344,0.030653,-0.061615,-0.027814,0.021077,0.0086674,0.0018672,0.004467,0.013175,0.00065598,-0.011266,0.029118,0.0088336,-0.043384,-0.68073,0.3597,3
164,0+0.012772j,0-0.00031934j,0+0.091295j,0.018889,-0.0091099,0.032749,-0.021628,-0.017054,0.0072523,-0.0033235,0.010392,0.0012526,-0.0023817,-0.0056873,0.0023645,0.031243,0.012788,-0.030458,-0.58943,0.34233,3
165,0+0.014226j,0+0.0085035j,0+0.11643j,0.013321,0.016672,0.021877,-0.030048,-0.022076,0.0071544,-0.0055831,0.010916,-0.0086874,-0.015445,-0.00443,0.002858,0.027021,0.0097853,-0.028934,-0.60595,0.34096,3
166,0-0.0071945j,0-0.021986j,0+0.010194j,0.00082728,0.017006,0.028151,0.012915,-0.00056033,-0.0012205,-0.01397,-0.00048858,-0.025369,-0.018604,-0.014212,-0.0026164,-0.0028002,0.0021414,0.015553,-0.45648,0.2845,3
167,0-0.01022j,0-0.0029669j,0-0.091739j,0.0015711,-0.0048785,0.012954,0.014332,-0.01329,0.026126,0.0050327,0.029228,-0.0040362,-0.018545,0.0029781,0.0019864,0.006114,-0.00044316,-0.001521,-0.52692,0.33061,3
168,0-0.0043182j,0+0.00048087j,0-0.10698j,-0.0058164,0.00092635,0.015764,0.01136,-0.015968,0.028136,0.0077571,0.034127,0.0025053,-0.010623,-0.0001464,0.001557,0.005563,-0.00154,-0.0053471,-0.53932,0.33704,3
169,0+0.021642j,0+0.0013748j,0-0.32012j,-0.017124,0.030384,0.015814,0.0064553,-0.0060909,0.0053809,0.0056679,0.0058033,-0.020139,-0.018684,0.0074071,0.013107,-0.0049018,0.018022,-0.0073934,-0.48702,0.29588,3
170,0+0.008978j,0-0.011093j,0-0.00054564j,0.0061792,-0.00072795,0.011345,0.02561,0.0002272,0.036815,-0.021203,-0.078816,-0.3783,-0.73531,0.14217,0.14944,-0.25932,0.039962,0.072494,-0.3072,0.31074,3
171,0-0.012301j,0+0.0037971j,0+0.036217j,0.0034666,-0.0022892,0.014113,0.012755,0.027204,0.0095527,0.012439,0.016586,0.015842,0.02166,0.025715,0.057097,-0.03679,0.0047706,-0.00020768,-0.10286,0.079384,4
172,0-0.0017637j,0+0.0065201j,0+0.043677j,0.0090996,-0.012884,0.016106,0.0095592,0.0048973,-0.013273,-0.0057115,0.020574,0.0087273,-0.0052961,0.019044,0.0698,-0.051339,0.0053631,0.010284,-0.095839,0.10033,4
173,0-0.016399j,0-0.022541j,0-0.3847j,-0.0096681,0.0065627,0.016725,-3.9305e-05,0.029454,-0.034083,-0.0022849,0.0046596,0.023749,-0.010837,0.04466,0.059856,-0.078646,0.0084147,0.019776,-0.058067,0.11171,4
174,0+0.0035997j,0-0.011932j,0+0.018442j,-0.0079245,-0.0064185,0.01383,-0.0081525,0.018926,0.021754,0.030914,0.013393,0.01972,0.03509,0.033213,0.086574,-0.087755,0.023004,0.011257,-0.10235,0.10751,4
175,0-0.0070231j,0-0.018235j,0-0.34522j,-0.014446,-0.00028399,0.0087195,0.024208,0.014915,-0.022873,0.032107,0.0099265,0.007072,-0.0072942,0.023042,0.070569,-0.087458,0.015971,0.028138,-0.079497,0.1305,4
176,0+0.033858j,0-0.025488j,0-0.1084j,0.0012014,-0.0054853,0.0051474,-0.013137,0.008387,-0.01706,0.015257,-0.0086074,-0.0057651,0.02186,0.058268,0.073054,-0.12914,0.014621,0.019045,-0.12362,0.10905,4
177,0+0.029777j,0-0.0079211j,0-0.23117j,-7.7257e-05,-0.0043334,0.010146,0.0011913,0.010604,-0.020507,0.011918,0.0018239,0.026037,0.044167,0.036105,0.077364,-0.10826,0.018455,0.019932,-0.083047,0.13193,4
178,0+0.024934j,0+0.010879j,0-0.17553j,-0.0035646,0.0014353,-0.0028483,-0.0056222,0.015403,-0.013937,0.023013,0.019066,0.0035857,0.022786,0.03115,0.10218,-0.11175,0.015093,0.013606,-0.1002,0.11585,4
179,0+0.031188j,0-0.018398j,0-0.35751j,-0.0037806,0.001514,0.012866,-0.026401,0.013047,-0.025118,-0.0032692,0.0064545,0.017253,0.0036396,0.024471,0.071328,-0.073186,0.030695,-0.0049181,-0.082017,0.090511,4
180,0+0.0277j,0-0.035924j,0-0.16211j,0.00025616,0.0047241,0.0044753,-0.013802,0.0064684,-0.015745,-0.015101,0.026453,0.0136,-0.00034774,0.014583,0.08105,-0.061754,0.051981,0.01336,-0.083256,0.099218,4
181,0+0.0051363j,0-0.032784j,0+0.12481j,0.004861,-0.010554,-0.015939,0.01984,0.016966,0.0034496,0.028075,0.040955,0.015624,0.012089,-0.0023702,0.090855,-0.07993,0.0093199,0.0053155,-0.059361,0.132,4
182,0+0.071714j,0-0.017409j,0-0.09519j,-0.013912,-0.0047084,-0.0032248,0.012739,-0.010771,-0.010714,0.076105,0.018338,0.022329,-0.04976,-0.018536,0.079363,-0.089013,0.066189,0.044525,-0.046556,0.2611,4
183,0+0.071714j,0-0.017409j,0-0.09519j,-0.013912,-0.0047084,-0.0032248,0.012739,-0.010771,-0.010714,0.076105,0.018338,0.022329,-0.04976,-0.018536,0.079363,-0.089013,0.066189,0.044525,-0.046556,0.2611,4
184,0+0.010864j,0-0.021813j,0-0.085439j,-0.00055612,0.0039224,-0.0076938,-0.011652,0.0065617,-0.016356,0.03338,0.010967,0.020619,-0.042331,0.001438,0.027805,-0.067953,0.014395,0.055518,-0.033323,0.21232,4
185,0+0.0052675j,0+0.003354j,0-0.17299j,-0.0014188,-0.0054235,0.0026732,-0.013584,0.0016437,-0.0095456,-0.0010207,7.4857e-06,0.0177,0.00055442,-0.015401,0.035692,-0.066163,-0.013861,0.05638,-0.0074029,0.11116,4
186,0+0.017811j,0-0.0077738j,0+0.20873j,-0.0031187,0.00013319,0.0032189,-0.0071062,-0.0030102,-0.029884,-0.013983,0.037832,0.02005,0.0084697,-0.0018237,0.034784,-0.043763,-0.01395,0.022637,0.00053612,0.098955,4
187,0+0.011336j,0-0.0020015j,0-0.0064447j,0.0007308,0.0028803,0.0031028,-0.0092404,-0.0061772,-0.020318,-0.0081354,0.0071023,0.013258,-0.032074,-0.0086952,0.045527,-0.046172,0.0064433,0.029401,-0.014455,0.10953,4
188,0+0.021989j,0-0.0061586j,0-0.095463j,-2.3889e-05,0.003801,0.0032401,-0.011968,-3.0848e-05,-0.02411,0.012383,0.021617,0.021101,-0.021226,-0.0086306,0.037848,-0.042331,0.013594,0.02779,-0.0047374,0.11044,4
189,0+0.018713j,0-0.0048242j,0-0.081218j,-0.00018708,0.0032156,0.0029788,-0.011128,-0.001096,-0.02382,0.011045,0.019853,0.018852,-0.023635,-0.008196,0.030881,-0.035556,0.011768,0.024009,-0.0097329,0.099114,4
190,0+0.019711j,0-0.0048994j,0-0.082729j,0.00010714,0.0037746,0.0032026,-0.012073,-0.0030791,-0.024529,0.0093703,0.018774,0.019472,-0.021301,-0.0070817,0.039719,-0.04743,0.010082,0.030172,-0.011364,0.11362,4
191,0+0.020143j,0-0.007082j,0-0.11089j,-0.00012449,0.0038413,0.002372,-0.010811,-0.0019527,-0.019496,0.01218,0.020598,0.02036,-0.018866,-0.0023651,0.040963,-0.04285,0.015898,0.027131,-0.011452,0.11211,4
192,0+0.0074728j,0+0.0048622j,0-0.18458j,-0.0014823,-0.0058934,0.0021179,-0.013007,0.0035734,-0.0078194,0.00018421,0.0027947,0.010267,-0.0067281,-0.013453,0.028387,-0.053378,-0.012693,0.051505,-0.0080894,0.10849,4
193,0+0.0067689j,0-0.031729j,0-0.22152j,0.011206,-0.0086464,-0.015132,-0.0078854,0.016082,-0.0014896,0.01858,-0.0017751,0.021792,0.013246,-0.0060388,0.03787,-0.060589,0.020584,0.025851,-0.035453,0.076848,4
194,0+0.0091994j,0-0.0048992j,0-0.00031972j,-0.00054823,0.0066537,0.009033,0.00094721,0.02046,-0.025201,-0.055551,0.0028567,0.19028,0.25194,0.55766,0.34875,-0.66036,-0.019015,0.086366,-0.08205,0.11364,4
195,0+0.029484j,0-0.01637j,0-0.27406j,0.0012815,0.0091287,-0.0049158,-0.0070161,0.00086472,-0.013694,0.0034539,6.5676e-05,0.094703,0.11057,0.26181,0.17808,-0.37211,-0.0018478,0.068739,-0.057919,0.12984,4
196,0+0.022066j,0-0.009033j,0-0.43838j,-0.012162,0.01053,-0.0078772,-0.016305,0.026054,-0.024191,-0.0064954,-0.0028213,-0.0018908,-0.017877,0.0065518,0.043357,-0.069519,0.0071394,0.048503,-0.055969,0.12978,4
197,0+0.0553j,0-0.0043229j,0-0.20875j,-0.017265,0.0067809,0.0054668,-0.011576,0.0037504,-0.053152,0.013734,0.041656,0.01887,-0.037476,-0.0012612,0.03515,-0.065837,0.0053609,0.042638,-0.031322,0.20108,4
198,0+0.027472j,0-0.028952j,0-0.0028908j,-0.0047614,0.011957,0.011221,0.0012752,0.02982,-0.045488,0.018559,0.0070739,0.041198,-0.016613,-0.012151,0.057152,-0.064782,0.025048,0.039474,-0.026848,0.16764,4
199,0+0.020724j,0-0.0066189j,0+0.0010216j,0.0027242,0.0013869,0.003241,-0.0074614,-0.019075,0.0084598,-0.019468,0.021324,-0.22464,0.19817,-0.59057,0.68199,-0.1601,0.13476,0.093973,-0.025922,0.20546,4
200,0+0.0065673j,0-0.013795j,0+0.15197j,-0.012294,0.022861,0.0022811,-0.011261,0.0011171,-0.018186,-0.0075048,0.01169,0.016827,-0.014143,-0.02784,0.092216,-0.048987,0.016862,0.011103,-0.0084337,0.08691,4
201,0-0.59187j,0-0.11083j,0-1.8698j,-0.026274,-0.0057708,-0.025165,0.066408,-0.049318,-0.061138,-0.29611,0.051365,-0.15068,0.042579,-0.10559,0.44845,-0.60596,-0.22093,0.82247,-0.63879,1.1133,1
202,0-0.0019846j,0+0.082641j,0-8.6778j,-0.045156,-0.062533,0.077938,-0.15148,0.30871,-0.71928,-0.20808,0.06154,-0.13565,-0.053098,-0.042285,0.65497,-0.56492,0.22071,0.47119,-0.78668,0.81296,1
203,0-0.57168j,0-0.095833j,0-1.905j,-0.012923,0.0048031,-0.028741,0.038255,0.00098387,-0.031827,-0.25615,0.0057844,-0.14903,0.036891,-0.069705,0.45138,-0.58413,-0.18537,0.82008,-0.64162,1.135,1
204,0+0.072055j,0-0.032159j,0+0.0036877j,-0.011073,-0.0034466,0.017389,0.0072888,0.017663,-0.018433,0.065825,0.080799,-0.026717,-0.036519,-0.023566,0.062861,-0.058132,0.032759,0.068666,-0.028253,0.31099,1
205,0-0.044962j,0-0.072016j,0+0.1538j,0.010511,-0.013625,0.0010147,0.015758,0.010816,0.0056236,0.030534,0.047462,0.016527,-0.024823,-0.047188,0.0074887,-0.054222,-0.032178,0.1474,0.012298,0.3347,2
206,0-0.053206j,0-0.074881j,0+0.39074j,0.0087979,0.008225,-0.003651,0.012867,0.0068923,0.095036,0.0283,0.043911,0.058704,-0.077358,-0.1071,-0.054406,-0.08787,-0.085999,0.18296,0.020118,0.36572,2
207,0-0.041201j,0-0.068538j,0+0.21918j,0.0043429,0.00031577,-0.0031418,0.011436,0.0015488,0.093083,0.033837,0.050068,0.05177,-0.089716,-0.11246,-0.057212,-0.08768,-0.083268,0.17457,0.0050747,0.36394,2
208,0-0.051893j,0-0.077302j,0+0.057265j,-0.0014848,-0.0023845,0.00072622,0.017574,0.011561,0.048375,0.037713,0.019431,0.047134,-0.069672,-0.097816,-0.036352,-0.06732,-0.078891,0.15918,-0.011805,0.37808,2
209,0+0.05139j,0-0.064681j,0-0.041189j,-0.0033718,-0.0017115,-0.0040655,-0.021494,0.01368,-0.0080557,0.025761,0.018402,0.093493,-0.040318,-0.084905,0.017682,-0.086368,0.017778,0.10914,0.026441,0.33511,2
210,0+0.018448j,0+0.00012525j,0+0.071514j,0.00065612,0.044402,0.0039522,-0.044915,-0.01836,-0.0046202,0.0025123,0.0014561,-0.0025902,-0.018566,-0.015882,-0.0065983,0.035365,0.017297,-0.024237,-0.56188,0.32835,3
211,0+0.019219j,0-0.016235j,0-0.076925j,0.01857,-0.015532,-0.020776,0.0022429,-0.019905,0.023738,0.0050254,-0.010296,-0.15765,-0.34274,0.062289,0.078814,-0.14574,0.02473,0.051044,-0.27295,0.28525,3
212,0+0.028014j,0-0.008924j,0-0.069476j,-0.0091468,-0.022949,-0.0084092,0.010924,-0.034875,-0.015592,0.036776,0.029312,-0.04253,-0.13506,0.024144,0.039003,-0.069089,0.021404,0.044593,-0.24952,0.28721,3